GeneID	adipose.tissue	adrenal.gland	appendix	urinary.bladder	bone.marrow	colon	duodenum	endometrium	esophagus	fallopian.tube	gall.bladder	heart	kidney	liver	lung	lymph.node	ovary	pancreas	placenta	prostate	rectum	salivary.gland	small.intestine	smooth.muscle	spleen	stomach	testis	thyroid	tonsil
ENSG00000000003	10	10	3	26	0	24	12	15	19	37	15	2	18	23	7	2	30	5	10	14	24	27	8	6	5	9	20	14	5
ENSG00000000419	26	44	30	35	31	32	26	33	29	27	30	26	22	17	23	39	27	11	33	30	30	17	29	25	29	24	38	36	39
ENSG00000000457	2	3	4	4	1	4	3	4	3	4	4	1	3	2	3	5	4	1	3	4	5	2	3	3	4	3	4	4	4
ENSG00000000460	0.7	0.8	2	1	2	1	1	2	1	1	1	0	0.5	0.6	0.8	2	1	0	2	1	2	0	1	1	1	0.8	5	0.9	4
ENSG00000000938	6	3	51	9	106	2	3	4	4	4	10	0.9	1	2	22	19	0.9	1	5	2	2	1	4	6	53	2	1	2	13
ENSG00000000971	24	20	18	48	0	21	12	6	25	6	58	19	8	253	18	9	49	2	6	6	33	9	19	9	5	22	6	9	7
ENSG00000001036	15	22	17	20	11	23	22	20	7	17	19	10	24	11	17	9	18	6	27	14	33	6	22	16	14	20	9	20	11
ENSG00000001084	8	7	6	15	9	8	14	8	12	27	10	3	9	28	3	7	3	2	3	9	10	4	10	5	14	10	5	12	8
ENSG00000001167	7	7	12	12	16	10	7	16	8	11	12	4	7	5	10	17	17	3	10	12	12	5	8	10	11	10	35	16	17
ENSG00000001460	1	1	0.9	1	0	2	1	1	1	6	1	0.7	1	0	2	0.7	2	0	0.5	2	2	0.7	1	1	0.7	1	10	2	1
ENSG00000001461	3	4	4	6	2	8	5	3	5	9	5	4	6	0.5	8	6	4	2	2	23	7	5	6	5	4	7	3	16	6
ENSG00000001497	7	8	9	6	10	6	5	15	6	12	6	3	6	3	7	11	16	2	8	9	7	6	6	7	10	6	18	7	12
ENSG00000001561	13	15	9	8	26	13	11	5	5	12	8	9	17	4	20	8	2	4	3	17	13	13	10	5	14	11	9	13	6
ENSG00000001617	6	2	4	13	0.9	4	6	3	25	11	5	3	6	0.7	13	1	0.6	0.9	19	11	3	6	7	5	17	7	1	9	5
ENSG00000001626	0	0	2	0.8	0	29	22	0.6	0	1	32	0	0.5	0.5	5	0	0	36	0	1	29	6	8	0	0	2	0.6	0	0
ENSG00000001629	9	11	11	15	4	11	10	13	11	11	13	6	21	4	10	12	11	3	10	9	11	9	11	11	12	10	21	16	11
ENSG00000001630	0	2	0.5	0.5	0.6	0.9	3	0.6	0.8	0.6	0.6	0	0.8	0.8	2	0	0.7	0.6	0.7	1	0.5	0	1	0	0.7	3	5	0.7	0
ENSG00000002330	6	3	2	2	3	7	4	3	1	5	2	3	7	2	3	2	2	2	4	7	1	7	5	2	4	8	5	2	1
ENSG00000002549	34	25	61	35	19	28	34	20	20	24	39	19	42	41	48	51	12	4	34	19	28	15	28	28	45	23	27	22	47
ENSG00000002586	46	15	25	33	11	29	25	40	34	35	51	23	8	17	29	27	45	12	33	51	28	12	33	36	33	23	38	12	25
ENSG00000002587	0	1	1	4	0	1	0.8	2	2	1	8	0	0.7	0	0.7	0.9	17	0	0.5	0.8	0.9	0.7	0.8	0.8	1	2	0.9	0	1
ENSG00000002726	0	0	6	0.6	0.5	95	98	0	0	0	0.6	0	107	0	0	0.7	0	0	200	0.6	51	0	111	1	0	17	2	0	2
ENSG00000002746	0	0	0	0	0	0	0	0	0	0	0.5	0	4	0	0	0	0	0	0	0	0	0	0	0	0	0	0.6	0	0
ENSG00000002822	2	2	3	2	3	2	2	2	1	2	1	1	2	1	3	4	2	0.5	2	2	1	1	1	2	5	2	5	1	3
ENSG00000002834	34	12	37	29	41	39	53	20	15	26	30	8	21	15	33	38	23	6	31	11	47	11	71	24	35	42	8	13	39
ENSG00000002919	7	6	10	7	8	7	4	5	7	6	6	3	6	3	7	11	4	2	6	5	7	4	5	9	11	5	7	11	16
ENSG00000002933	7	6	31	16	0.5	26	26	3	3	8	23	5	59	79	8	14	16	1	13	2	35	2	48	4	10	11	2	0.7	14
ENSG00000003056	18	21	41	32	18	25	16	25	18	26	25	17	23	11	27	39	19	6	24	18	25	17	18	25	40	22	24	32	36
ENSG00000003096	0.8	4	1	3	0	2	1	15	2	6	3	2	5	1	0	0	3	0.6	0.5	2	2	0.6	2	16	0.6	0.5	2	0	0
ENSG00000003147	5	4	3	7	7	7	6	4	4	7	6	9	4	0.7	5	4	0.5	5	3	8	10	9	6	2	4	13	15	5	4
ENSG00000003249	0	2	0.6	0.6	0	0.5	0.5	0	5	1	2	0.7	2	0	1	2	1	1	0	2	0.5	3	0	0	0.6	2	0	0.9	2
ENSG00000003393	3	3	3	4	2	3	4	5	2	5	4	7	5	5	4	2	4	0.9	4	4	3	1	5	4	3	4	4	4	2
ENSG00000003400	4	1	5	6	8	8	12	2	4	4	5	1	2	2	7	5	0.6	0.6	5	1	8	1	8	3	12	6	0.5	3	5
ENSG00000003402	15	9	16	9	13	8	8	11	7	8	11	11	10	4	16	14	5	2	9	9	9	6	9	9	15	8	4	11	10
ENSG00000003436	9	3	4	10	0.5	4	10	6	5	8	12	3	9	32	20	5	5	0.6	23	2	5	0.9	8	5	4	2	1	2	3
ENSG00000003509	4	8	7	5	4	4	5	7	3	4	6	6	5	2	5	8	4	0.8	4	5	5	2	5	6	5	4	24	4	7
ENSG00000003756	11	12	18	13	18	9	12	33	9	21	16	7	6	3	14	24	29	4	14	21	16	10	13	15	22	12	18	15	18
ENSG00000003987	0	1	0.5	0	0.8	0	0	0.5	0	0.5	0	0	0.5	0	0	0	1	0	0.6	0	0.5	0	0.5	0	0	0	1	2	0
ENSG00000003989	13	9	4	7	0	5	2	15	10	52	13	6	6	113	6	4	44	23	13	16	4	2	2	5	3	5	19	43	3
ENSG00000004059	22	25	35	40	42	29	35	29	55	43	33	24	24	12	34	39	27	21	34	36	23	19	37	27	35	40	29	27	29
ENSG00000004139	0	1	1	0.7	0	0.7	3	1	0	2	0.7	0	0.7	0	1	0.9	0.7	0.5	0.6	1	1	1	1	1	2	0.9	0.5	1	0.6
ENSG00000004142	37	77	39	39	33	37	43	33	44	46	31	59	63	43	30	34	35	21	27	40	52	37	35	50	33	39	59	42	49
ENSG00000004399	27	9	19	16	10	6	4	15	7	15	18	10	7	3	33	15	4	2	50	6	5	3	5	15	22	6	8	9	7
ENSG00000004455	18	15	20	16	15	24	27	19	14	20	13	9	32	16	17	22	16	4	15	16	28	11	30	17	17	18	12	24	31
ENSG00000004468	2	0.8	12	5	8	3	3	0.5	0.8	2	2	0.6	0.5	1	5	20	0	0	0	12	3	0.9	4	0.5	15	2	0.5	1	14
ENSG00000004478	7	17	13	16	10	20	10	16	24	27	13	8	23	11	11	9	19	7	24	25	21	17	12	18	8	14	36	25	18
ENSG00000004487	8	14	13	16	17	14	13	23	12	21	13	8	10	4	12	19	21	4	15	18	19	9	14	17	13	12	53	15	21
ENSG00000004534	18	25	32	20	12	13	29	49	13	23	19	10	12	6	20	43	32	6	14	23	25	14	27	24	39	16	26	20	27
ENSG00000004660	2	4	3	3	1	1	1	5	1	2	2	2	0.7	0	2	1	3	1	1	2	1	8	2	3	3	0.9	4	4	0.7
ENSG00000004700	12	10	19	17	7	7	6	14	9	8	12	8	6	3	11	20	7	1	10	9	10	4	7	16	16	6	6	8	19
ENSG00000004766	3	4	3	4	2	4	3	4	3	3	3	2	4	1	3	4	4	0.8	3	3	5	2	3	4	4	3	4	4	4
ENSG00000004776	109	35	7	33	0	6	5	18	22	26	27	100	2	1	7	1	35	2	11	24	4	3	6	51	1	3	8	1	0
ENSG00000004779	22	23	17	12	13	31	29	11	10	17	10	52	31	17	11	15	9	5	14	17	24	13	26	13	14	25	15	11	16
ENSG00000004799	167	212	33	30	1	47	56	30	142	94	81	18	37	48	27	14	269	136	48	16	19	8	128	41	73	38	10	47	8
ENSG00000004838	0	0	0	0	0.6	0	0	0.5	0	31	0	0	0	0	2	0	0	0	0	0	0	0	0	0	0	0	72	0.5	0
ENSG00000004846	0	0	0	0	0	0	0	0	0	0	1	0	0	0	0	0	0	0	0	0	0	0	0	0	0	0	0	0	0
ENSG00000004848	0	0	0	0	0	0	0.8	0	0	0	0	0	0	0	0	0	28	0	0	0	0	0	0	0	0	2	3	0	0
ENSG00000004864	6	12	10	9	6	13	13	8	7	10	10	3	22	42	6	6	7	2	12	7	14	3	11	7	8	12	7	11	8
ENSG00000004866	3	6	2	4	4	2	3	4	3	6	4	3	5	5	7	2	5	2	6	4	3	4	3	4	3	4	3	7	3
ENSG00000004897	14	12	15	14	13	10	9	15	12	11	14	9	9	7	12	14	11	3	14	10	11	6	9	15	12	9	16	25	16
ENSG00000004939	0	0	0	0	204	0	0	0	0	0	0	0	32	0	0	0	0	0	7	0	0	0	0	0	0	0	0	0	0
ENSG00000004961	8	11	9	12	8	15	16	6	10	8	9	19	12	8	8	10	5	2	9	7	15	6	13	7	11	9	9	8	12
ENSG00000004975	4	6	5	6	5	4	6	10	7	10	6	4	4	0.8	7	8	15	2	8	10	4	4	5	8	8	5	9	7	6
ENSG00000005007	10	12	14	11	14	12	12	12	9	13	12	7	13	5	12	16	14	8	16	16	6	16	11	8	20	12	24	14	10
ENSG00000005020	19	17	25	23	10	19	11	4	10	10	11	2	16	4	20	22	13	1	5	7	15	2	15	5	27	10	11	5	24
ENSG00000005022	90	97	150	146	145	337	509	76	181	82	83	93	289	125	102	167	58	132	128	70	353	127	421	111	114	204	52	91	253
ENSG00000005059	5	1	15	6	5	4	2	7	4	3	6	2	0.7	0.5	4	24	4	0	5	1	5	1	4	5	10	4	2	0.9	18
ENSG00000005073	0	0	0.7	4	0	3	0	52	0	0	0	0	2	0	0	0	0	0	7	7	3	0	0	38	0	0	0.5	0	0
ENSG00000005100	3	4	6	5	3	4	4	6	5	6	5	3	4	3	4	6	5	2	5	5	5	3	4	6	5	4	6	5	6
ENSG00000005102	8	0	4	8	0	2	0.8	3	2	3	4	11	0	0	0.7	5	0	0	0	1	2	0.8	0.8	6	9	0.7	1	0.5	4
ENSG00000005108	1	0.7	0.9	2	0	0.9	0	4	0.6	2	3	0	7	0.5	1	0	3	0	4	3	0.7	0	0	2	0.9	0	1	2	0
ENSG00000005156	1	2	3	2	4	2	2	4	3	4	2	1	2	0.7	2	2	4	0.9	3	4	3	3	2	3	3	2	7	4	3
ENSG00000005175	4	7	11	8	5	7	7	8	6	8	8	5	6	4	5	13	12	1	6	7	7	3	6	8	9	6	9	7	15
ENSG00000005187	0	1	0.9	1	3	5	1	6	0	10	3	2	11	18	2	0.7	55	5	0.6	7	5	0.8	2	0.9	0.8	3	7	0	0.9
ENSG00000005189	1	0.8	0.9	1	4	1	1	1	1	3	0.9	1	0.5	0.6	0.7	1	0.6	0	0.8	4	2	0	2	1	0.6	2	229	0.5	2
ENSG00000005194	7	11	11	10	9	11	11	7	10	10	9	11	11	5	9	12	5	2	13	8	13	6	9	12	9	10	39	9	18
ENSG00000005206	4	3	6	3	9	6	13	3	2	5	4	2	4	1	4	8	3	3	5	6	4	5	13	2	11	14	12	3	3
ENSG00000005243	24	8	5	8	0	4	2	9	4	7	10	11	6	8	5	1	3	3	9	12	5	5	3	18	4	2	8	9	3
ENSG00000005302	4	3	16	7	9	4	4	4	4	4	6	2	2	1	6	22	3	0.8	4	4	5	2	5	4	14	5	6	4	12
ENSG00000005339	7	5	9	7	18	6	6	11	6	10	7	4	6	3	8	9	15	3	7	7	5	6	6	8	12	7	15	9	6
ENSG00000005381	0	0	0	0	2623	0	0	0	0	0	0	0	0	0	0	0	0	0	2	0	0	26	0	0	1	0	0	0	0
ENSG00000005421	0	2	0	0	0	0	0	0	0	0	1	0	0	165	0	0	0	0	0	0	0	0	0	0	0	0	0	0	0
ENSG00000005436	4	5	5	5	2	4	3	9	4	6	4	3	5	5	4	5	6	1	5	6	4	3	3	6	4	4	6	8	5
ENSG00000005448	2	3	3	3	2	2	2	4	1	22	3	1	3	0	4	6	5	0.8	3	3	2	1	2	3	6	3	14	2	4
ENSG00000005469	3	6	4	21	1	8	19	5	9	8	9	2	8	7	4	4	6	1	8	14	7	2	11	5	3	4	2	23	5
ENSG00000005471	0	3	1	0.8	0	0	0	0	0	0	0.5	2	0	35	0	3	0	0	0	0	0.6	0	0.5	0	3	0	0.5	0	2
ENSG00000005483	12	10	19	17	23	18	13	26	13	16	17	7	11	5	16	22	27	4	12	15	19	10	12	16	20	18	13	16	20
ENSG00000005486	18	68	18	19	12	13	24	16	15	36	22	11	26	10	42	14	18	9	18	31	13	18	20	13	19	28	42	49	10
ENSG00000005513	0	0.6	1	0	0	0	0	0	0	0	0.7	0.6	0	0	0	1	0	0	0.6	0.5	0.5	7	0	0	1	0.9	2	0	2
ENSG00000005810	10	6	11	9	10	6	3	7	9	6	7	4	6	3	6	17	15	2	5	7	6	4	4	6	12	4	9	7	16
ENSG00000005812	13	11	11	14	21	11	9	17	14	14	13	6	13	6	13	15	20	3	12	13	11	6	10	12	12	8	15	21	13
ENSG00000005844	2	1	33	9	22	3	5	2	2	3	7	0.5	0.9	3	18	52	2	0	2	2	6	2	8	2	49	6	0.8	1	36
ENSG00000005882	12	10	2	5	1	6	7	6	4	8	4	15	17	4	4	2	11	3	4	5	5	4	8	4	4	5	4	6	2
ENSG00000005884	2	9	6	18	0	11	14	5	6	16	12	3	11	0	38	2	6	2	15	8	7	3	14	7	5	13	1	16	3
ENSG00000005889	6	5	8	5	10	5	4	13	5	9	5	4	6	4	6	10	12	2	7	9	4	3	4	11	9	5	4	9	5
ENSG00000005893	29	36	33	38	36	30	34	37	47	41	67	17	55	52	38	27	38	11	42	63	29	47	30	35	32	38	22	51	30
ENSG00000005961	0	0	0	0	5	0	0	0.5	0	0.9	0.7	0	0	0	0.9	0	0.6	0	0.6	0	0	0	0	0	1	0	2	1	0
ENSG00000006007	12	13	14	20	13	28	18	14	15	13	14	19	15	6	18	8	8	4	13	20	28	14	17	17	9	14	12	17	12
ENSG00000006016	2	2	0.6	1	0	0.5	0	0	2	0	0.6	2	0.5	0	1	0.5	0	0.5	4	0	0	0.8	0	1	0	0	0.6	0	0
ENSG00000006025	1	2	4	3	4	6	17	4	1	4	4	2	2	0	4	6	4	2	2	5	6	3	13	2	8	31	0.6	3	3
ENSG00000006042	3	9	3	13	0	20	20	31	6	30	25	5	7	3	16	2	49	6	8	22	21	7	25	15	5	22	7	11	2
ENSG00000006071	0	3	0	0	0	0	0.7	0.6	0	0	0	0	0	0	0	0	0	3	0	0.7	0	0	0	0	0	1	0	2	0
ENSG00000006116	0	1	0	0	0	0	0	0	0	0	0	0	0	0	0	0	0	0	0	0	0	0	0	0	0	0	0	0	0
ENSG00000006118	0.6	2	3	1	0	0.7	0.7	3	0.8	0.6	2	0.7	0.8	0	2	0.5	2	0	8	2	0	5	0.5	1	1	3	2	0.5	2
ENSG00000006125	24	30	27	31	19	45	22	36	18	40	35	25	38	11	35	25	43	7	36	28	58	14	22	36	31	32	84	48	35
ENSG00000006194	4	5	5	4	3	4	4	7	3	7	6	2	4	2	5	6	8	2	5	6	4	4	3	6	6	4	6	5	6
ENSG00000006282	8	17	9	11	3	9	12	14	9	16	13	14	9	3	10	9	22	6	9	20	9	10	9	9	17	20	53	26	4
ENSG00000006327	4	5	11	5	5	5	14	13	2	1	21	10	6	12	18	0.6	0.8	14	16	6	2	3	9	14	1	2	1	3	0.8
ENSG00000006451	22	25	18	18	5	26	23	19	37	17	25	8	12	8	40	17	17	3	20	13	24	8	21	16	14	24	11	12	27
ENSG00000006453	1	6	4	7	0	14	16	2	8	9	10	0.6	3	5	8	0.9	0.7	3	7	17	14	6	14	2	0.7	28	7	9	4
ENSG00000006459	6	3	11	7	16	13	10	9	7	4	7	3	4	5	6	11	3	2	8	4	12	4	9	5	7	11	11	4	8
ENSG00000006534	1	5	4	5	9	3	8	0.8	2	10	3	0.8	6	0	20	1	0.6	0.8	5	0.8	2	2	6	1	6	8	1	0.7	0.9
ENSG00000006555	0	0.5	1	2	0	6	8	0.8	17	3	2	0	3	0	1	0.9	0	0.9	0	2	6	3	9	0	0.9	9	0	1	4
ENSG00000006607	2	2	3	3	1	6	5	3	4	3	3	1	2	1	3	3	3	0.9	3	2	6	1	6	3	4	6	7	2	4
ENSG00000006611	0	0	3	0	0	21	39	0	0	1	14	0	23	0	0	0	0	0.5	0	0	22	0	40	0.5	0	16	0	0	0
ENSG00000006634	1	1	4	3	15	3	2	3	2	2	2	0.5	0.9	0.7	1	7	2	0	2	2	4	0.8	2	2	3	2	44	2	7
ENSG00000006652	9	11	9	6	31	6	10	11	6	5	8	4	5	4	7	5	7	15	6	9	7	6	9	7	7	6	11	9	4
ENSG00000006659	0	0	0	0	0	0	0	0	0	0	0	0	0	0	0	0	0	0	15	0	0	0	0	0	0	0	0	0	0
ENSG00000006704	1	3	1	3	0	2	4	4	7	3	3	2	4	0.5	2	0	4	2	2	4	2	4	2	3	0.9	3	3	8	1
ENSG00000006712	20	23	22	19	18	17	16	22	16	24	19	14	21	16	19	21	29	6	17	24	15	13	15	17	25	18	49	22	26
ENSG00000006715	8	9	10	13	3	10	8	13	10	12	17	7	10	5	11	11	13	3	10	11	9	4	8	10	11	9	9	13	10
ENSG00000006740	0.7	1	0.9	0.8	0	7	4	2	0	5	3	1	1	0	7	0.9	2	0.5	5	2	6	2	3	1	0.5	2	2	3	0.9
ENSG00000006744	10	12	10	9	10	9	9	9	9	12	8	10	9	5	8	11	9	3	8	10	10	7	7	10	13	9	14	10	13
ENSG00000006747	0	0	0	0.9	0	7	10	0.5	6	1	1	0	13	0	2	0	0	0	7	1	6	0	15	0	0	8	2	0	1
ENSG00000006756	4	5	5	7	3	10	12	8	5	22	9	2	26	8	11	2	12	5	5	12	9	7	9	6	5	13	3	15	3
ENSG00000006757	4	11	3	3	2	5	6	5	4	14	4	9	16	6	6	4	9	3	3	7	4	5	4	5	3	4	4	15	3
ENSG00000006788	0	0	0	0	0	0	0	0	0	0	0	0	0	0	0	0	0	0	0.6	0	0	0	0	0	0	0	0	0	0
ENSG00000007047	3	4	3	4	2	2	2	5	3	4	3	3	3	1	3	3	6	2	4	5	2	3	2	4	4	3	17	3	2
ENSG00000007062	0	0	2	3	1	15	6	3	2	3	21	3	8	0	0.9	0	0	2	11	1	8	16	10	2	0	15	4	1	0
ENSG00000007080	18	11	14	5	15	12	11	7	4	8	5	8	16	5	10	11	8	5	11	15	3	13	12	4	16	16	13	4	5
ENSG00000007168	19	22	22	25	9	23	21	29	24	26	28	21	22	9	29	24	25	6	21	21	24	14	24	29	21	23	44	31	30
ENSG00000007171	0	0	17	6	0	3	10	0	0	0	0	0	0	0	1	0.7	0	0	0	0	8	0	8	0	0	0	0	0	0
ENSG00000007174	0	0	0	0	0	0	0	0	0	13	0	0	0	0	0.6	0	0	0	0	0	0	0	0	0	0	0	2	0	0
ENSG00000007202	19	17	19	20	16	21	11	15	19	21	15	9	26	2	18	18	14	4	17	14	20	12	15	20	18	18	20	24	22
ENSG00000007216	0	0	0	0	0	3	83	0	0	0	6	0	30	0	0	0	0	0	0	0	4	22	67	0	0	0	0	0	0
ENSG00000007237	6	6	18	10	15	9	4	10	11	14	11	16	0.8	0.6	9	6	5	0.7	11	3	9	2	6	11	12	4	14	0.9	6
ENSG00000007255	9	8	7	7	21	11	10	8	5	18	6	5	21	7	9	15	7	4	9	17	4	12	11	3	22	15	12	15	8
ENSG00000007264	0	0	2	0.5	3	0.6	2	0	0	2	1	0	0	0	2	3	0	0	0	0	0	0.5	2	0	6	2	1	0	0.7
ENSG00000007312	1	0	34	10	8	1	2	1	0.9	2	4	2	0.5	0	2	98	0	0	1	1	2	2	2	1	55	2	0	0.5	93
ENSG00000007350	0	0	0	0	0.5	0	0	0	0	0	0	1	0	0	0	0	0	0	0	0	0	0	0	0	0.6	0	105	0	0
ENSG00000007372	0	0	0	0	0	0	0	0	0	0	0	0	0	0	0	0	0	0	0	0	0	0	0	0	0	0	0	0	0
ENSG00000007384	5	3	4	7	0	4	4	8	7	5	8	6	2	0.7	11	2	10	2	17	14	4	9	4	5	4	4	3	6	2
ENSG00000007392	7	12	11	9	11	6	11	22	6	10	12	4	5	2	12	14	15	3	8	16	9	8	11	8	16	10	13	13	10
ENSG00000007402	0.5	0	0.7	0	0	1	0.7	1	0	0.9	0.6	1	1	0	36	0.7	2	0.9	1	3	2	0.7	1	1	0.9	2	7	1	0.8
ENSG00000007516	0.9	12	0.6	0	0	0.7	3	0.5	0	16	0	0.5	3	0.8	2	1	0	1	2	2	0	2	2	0	2	3	7	0	0
ENSG00000007520	19	13	13	10	10	12	15	12	9	12	9	14	15	4	13	12	13	9	14	15	5	19	13	5	18	15	13	10	7
ENSG00000007541	2	4	2	3	13	2	3	3	2	5	3	2	5	0.5	5	2	3	4	3	5	1	3	2	2	4	4	7	6	1
ENSG00000007545	2	2	2	2	3	2	2	3	2	3	2	1	1	0	3	3	3	0.6	2	2	2	2	2	2	3	2	8	3	2
ENSG00000007866	7	6	12	24	0	13	15	36	26	20	22	15	6	3	12	3	14	3	36	24	15	7	15	43	6	8	6	6	6
ENSG00000007923	6	10	9	7	5	12	10	8	7	8	6	9	14	4	6	8	9	2	7	6	15	5	9	8	9	8	9	7	8
ENSG00000007933	3	8	0.6	0.9	0	0.6	1	0	2	5	1	0.8	5	214	6	4	0	0.9	0	0.5	0	2	0.5	0.7	0	3	0	0.6	4
ENSG00000008056	0	4	1	0	0.5	0.5	0	0	0	0.7	0.7	2	0	0	0	0	0.7	0	1	0.5	0.6	0	0.5	0	0	0	1	0	0
ENSG00000008083	4	3	9	6	43	4	5	6	8	4	5	3	2	0.9	6	9	5	0.9	7	4	5	4	5	4	11	5	20	3	9
ENSG00000008086	1	1	0.8	2	0	1	0.6	2	2	1	1	1	3	0.5	3	0.5	3	0.5	2	3	1	0.8	0.5	1	0.8	2	3	2	0.7
ENSG00000008118	0	2	0	0	0	0	0	0.9	0	0	0	0	3	0	0	0	12	0	0	3	0	0	0	1	5	0	0.6	0	0
ENSG00000008128	0	0.6	1	0	3	0.5	1	0	0	0	0	0	0	0	0.5	1	0	0	0.5	0.6	0.5	0	1	0	1	0.5	0.5	0	0
ENSG00000008130	14	19	19	13	34	12	14	8	7	9	11	4	5	6	12	18	9	3	12	9	10	11	12	7	30	20	13	8	12
ENSG00000008196	0	4	0	0	0	0	0	0	1	0	0	0	3	0	0	0	0	0	0	0	0	3	0	0	0	0	0	0	0
ENSG00000008197	0	0	0	0	0	0	0	0	0	0	0	0	0	0	0	0	0	0	0	0	0	0	0	0	0	0	0	0	0
ENSG00000008226	0	0	0	0	0.7	0	0	0	0	10	0.7	0	0	0	2	0	0.5	0	0	0.7	0.5	0	0	0	0.5	0	11	0	0
ENSG00000008256	21	8	5	7	4	7	12	11	10	12	11	11	8	1	14	5	9	2	30	7	6	4	13	9	7	7	18	18	4
ENSG00000008277	0.9	7	0.5	0.8	0	1	0	2	0.7	1	1	0.6	2	0	0.8	2	3	0	0	6	1	0	0.6	3	1	0.5	0.9	2	0.6
ENSG00000008282	49	55	41	80	25	59	43	83	85	87	54	31	70	20	52	63	51	11	52	68	57	65	44	87	46	66	79	85	95
ENSG00000008283	4	65	7	9	1	12	17	6	15	29	11	3	10	2	19	3	4	12	8	42	11	20	15	4	4	26	4	23	6
ENSG00000008294	15	14	11	13	10	12	11	19	20	12	18	8	19	9	19	9	19	6	16	10	12	4	12	18	12	9	37	28	8
ENSG00000008300	0	1	0.5	0	0.5	0	0	0	0	0	0	0	0	0	0	0.8	0	0	0	0	0.5	0	0	0	0	0.6	3	0	0.5
ENSG00000008311	12	10	4	8	0.5	3	2	21	6	6	8	7	12	15	8	3	28	4	6	12	4	4	3	9	6	3	6	6	2
ENSG00000008323	7	0	1	3	0	11	19	0	12	0.7	3	0	0.5	0.5	0.7	0	0	0.7	6	0.9	7	3	22	0	0	5	0	2	1
ENSG00000008324	7	9	15	10	14	9	10	6	5	7	7	4	6	6	8	22	8	2	7	14	8	6	13	5	12	10	5	9	19
ENSG00000008382	3	6	3	5	5	8	12	4	5	6	3	4	6	4	5	4	5	3	3	7	6	5	8	2	5	6	2	5	4
ENSG00000008394	70	66	8	26	6	34	13	2	13	4	14	2	23	118	15	0	0	3	2	15	18	6	10	4	0	6	2	20	0.6
ENSG00000008405	4	7	5	7	5	5	7	10	6	11	13	3	4	2	9	3	4	2	6	8	6	2	6	9	5	7	27	11	4
ENSG00000008438	0	0	1	0	236	0	0.5	0	0	0	0	0	0	0	0	0	0	0	0.9	0	0	0	0.5	0	4	0	1	0	0
ENSG00000008441	40	7	9	17	5	14	9	33	24	32	25	17	6	6	31	3	32	3	6	55	9	48	11	36	7	18	10	11	3
ENSG00000008513	9	16	17	22	11	3	2	8	9	10	17	20	23	8	13	14	10	4	11	4	4	10	4	8	15	4	4	49	12
ENSG00000008516	0	0	15	2	17	1	0.9	0	0	0	2	0	0	0	2	2	0	0	0.8	0	1	0	1	0.6	10	0.8	0	0	1
ENSG00000008517	8	3	26	6	3	28	34	2	1	1	6	5	14	55	23	34	2	7	5	4	10	2	58	2	64	11	2	2	15
ENSG00000008735	0	5	0	0	0	0	0	0.5	0	0.8	0	0	0	0	0	0	3	0.6	0	0.7	0	2	0	0	0	1	4	0	0
ENSG00000008838	6	8	12	8	14	8	13	12	8	15	8	8	7	3	10	12	10	3	11	10	9	9	11	10	12	12	20	8	10
ENSG00000008869	7	7	9	7	7	8	8	8	6	8	8	4	6	3	9	13	8	3	6	9	10	7	8	6	11	8	7	10	9
ENSG00000008952	34	42	26	30	25	29	23	38	19	29	33	12	47	39	30	30	35	14	27	41	24	36	22	34	37	37	16	58	30
ENSG00000008988	182	102	154	108	223	103	89	115	70	106	74	62	84	49	102	195	382	50	107	120	67	125	91	53	189	105	74	90	131
ENSG00000009307	169	115	118	158	127	139	113	161	154	123	135	173	128	64	119	115	170	41	106	141	126	103	119	139	112	116	195	168	132
ENSG00000009335	14	11	14	15	7	13	11	13	15	13	14	10	10	5	11	12	12	4	9	12	13	8	11	17	11	11	20	11	14
ENSG00000009694	0.5	2	0	0	1	0	0	1	0	0.6	1	0	1	2	0.6	0.5	0	0	0	3	0	0	0	0.7	0.5	0	0.6	0	0
ENSG00000009724	0.6	0.5	1	0	3	0.8	0.8	3	0	1	0.8	0	0.5	19	2	2	2	0	0.7	1	1	0.8	1	0.9	2	0.8	2	0.9	0.6
ENSG00000009765	0	0	0	0	0	6	13	0	0	0	5	0	22	13	0	0	0	0	0	0	5	0	13	0	0	0.9	0	346	0
ENSG00000009780	7	3	4	4	3	4	4	7	5	5	5	4	5	2	6	4	4	1	4	6	5	3	4	5	6	5	8	8	4
ENSG00000009790	0	0.5	16	5	6	2	3	0.8	0.8	0.6	3	0	0	0	3	30	0.5	0	0.5	1	3	0.7	3	0.7	18	2	0.5	0.5	18
ENSG00000009830	2	3	2	2	1	2	2	3	1	4	2	1	2	0.5	2	1	3	0.8	3	2	3	2	2	3	2	1	11	4	1
ENSG00000009844	5	6	8	9	5	10	10	7	10	8	7	6	7	5	6	8	6	1	8	7	11	4	10	7	7	6	5	8	11
ENSG00000009950	31	19	0.6	0	0	1	29	0	0	4	5	0	8	24	0.9	0	0	2	0	0.6	2	2	24	0	0	2	8	2	0
ENSG00000009954	17	17	20	20	18	16	13	26	17	19	17	10	13	10	17	25	27	5	18	18	19	10	14	22	20	15	18	21	25
ENSG00000010017	17	19	21	23	38	16	13	21	66	18	25	12	15	13	16	18	17	5	19	20	18	9	14	21	14	16	115	17	30
ENSG00000010165	7	9	11	10	7	11	11	10	7	13	8	5	9	4	10	13	10	3	8	10	11	6	9	10	12	10	16	9	15
ENSG00000010244	7	10	15	11	26	9	11	17	11	12	11	4	5	3	11	20	12	2	11	12	15	7	12	10	16	11	12	11	17
ENSG00000010256	29	35	30	33	29	83	73	24	38	42	24	116	61	26	26	25	20	13	34	30	75	35	63	34	27	42	42	31	39
ENSG00000010270	7	8	10	9	9	7	6	15	3	11	9	6	9	3	11	7	9	1	15	17	8	4	7	11	9	6	12	10	5
ENSG00000010278	19	71	27	72	4	135	32	49	189	70	29	19	40	7	108	9	8	7	25	171	101	99	46	51	19	23	8	81	71
ENSG00000010282	0	0	0	0	0	0	0	0	0	0.7	0	151	0	0	0	0	0	0	0	0	0	3	0	0	0	0	0.9	11	0
ENSG00000010292	5	5	17	10	18	12	11	10	9	10	8	3	4	0.9	8	27	6	2	14	6	13	6	11	10	12	9	18	8	32
ENSG00000010295	6	7	11	7	5	2	3	6	3	4	7	5	3	1	9	13	7	0.9	9	5	3	2	4	6	17	3	9	2	4
ENSG00000010319	59	2	3	5	0	4	2	4	3	4	5	5	12	0.5	10	2	1	0.8	23	3	3	6	8	5	9	3	2	3	1
ENSG00000010322	12	20	14	14	14	8	10	23	10	19	15	8	8	3	21	16	27	5	20	32	9	16	12	15	20	11	37	14	8
ENSG00000010327	21	29	41	25	8	11	15	6	8	6	24	6	4	7	12	7	2	2	46	7	12	3	18	6	75	11	6	5	2
ENSG00000010361	3	5	3	3	3	2	2	4	2	11	3	2	6	0.9	3	3	6	1	3	4	2	3	2	2	4	3	18	3	2
ENSG00000010379	0	0	0	0	0	0	2	0	0	3	0	0	46	2	0	0	0	0	0	0	0	0	0	0	0	0	0.9	0.9	0
ENSG00000010438	0	2	2	0	0	35	33	0	21	0	8	0.6	1	0	0	0	2	3888	1	0	29	0.9	40	0.6	0	4	1	0	6
ENSG00000010610	10	10	58	29	12	13	11	7	8	14	24	3	4	34	38	69	5	1	28	4	20	4	14	8	116	12	5	4	51
ENSG00000010626	2	2	1	1	1	1	0.5	5	1	43	2	2	4	0.8	4	2	4	0.5	1	3	2	1	0.8	3	2	1	16	4	2
ENSG00000010671	2	2	22	7	12	3	3	2	2	1	5	0.5	0.5	0.8	8	34	0.5	0	3	1	6	1	4	3	25	3	0.9	0	48
ENSG00000010704	3	4	4	5	0	3	3	4	2	3	6	1	3	4	3	2	4	0.9	3	4	3	2	3	3	5	4	0.9	6	2
ENSG00000010803	11	9	9	14	9	7	8	18	8	19	12	16	9	2	10	7	22	5	7	18	12	12	10	16	8	9	22	15	8
ENSG00000010810	14	4	21	12	6	6	5	15	5	20	14	7	5	4	16	37	10	0.8	9	3	6	1	8	13	25	8	7	15	21
ENSG00000010818	5	5	11	8	1	4	4	7	7	13	11	4	5	2	6	13	12	3	5	4	4	5	5	5	7	4	2	8	10
ENSG00000010932	2	4	0.5	3	0	0	0	1	1	4	4	0	86	0	0.7	0	4	0.5	1	0	0	2	8	2	0	0	1	0.7	6
ENSG00000011007	14	8	11	12	13	10	8	10	14	11	11	7	8	8	18	12	12	8	12	9	11	8	8	11	12	15	15	13	14
ENSG00000011009	10	13	20	20	16	18	25	13	18	24	14	9	18	5	18	22	10	5	22	16	12	13	22	6	21	20	10	14	13
ENSG00000011021	4	7	6	4	4	3	4	6	3	6	4	5	5	1	6	5	10	0.9	5	7	4	2	4	5	6	4	12	5	4
ENSG00000011028	16	7	10	18	3	6	4	21	12	19	35	12	7	2	25	3	25	2	7	16	4	3	7	16	15	5	14	2	1
ENSG00000011083	0	0	0	0	0	1	0.8	0	0	0	0	0	0	0	0	0	0	0	0	0	3	0	2	0	0	0	0	0	0
ENSG00000011105	9	5	3	8	0	3	4	14	5	11	19	41	20	8	14	3	14	2	30	13	3	6	5	9	13	3	3	7	4
ENSG00000011132	2	1	3	2	1	1	2	1	0.9	2	1	0.8	2	0.7	2	4	2	0.6	2	2	0.8	2	2	0.9	4	2	1	2	2
ENSG00000011143	2	3	3	4	2	3	3	7	3	11	3	2	3	0.8	4	4	8	1	3	4	4	4	3	4	4	3	8	4	3
ENSG00000011198	16	4	7	7	15	5	5	4	9	3	7	4	4	5	6	2	2	1	5	4	4	5	5	4	2	4	6	7	4
ENSG00000011201	4	3	0.8	1	0	0	0	0.6	0.8	1	2	2	0.7	0	55	1	0	0	0.5	3	0	1	0	0.5	0.5	0.7	3	7	0.7
ENSG00000011243	6	11	8	7	23	5	9	11	5	12	8	5	6	2	9	13	12	3	10	11	6	6	7	7	14	8	17	10	9
ENSG00000011258	4	4	5	6	7	6	6	7	4	5	4	2	4	3	5	8	8	2	6	5	7	4	6	4	7	8	24	6	6
ENSG00000011260	6	14	18	13	17	11	11	12	11	11	10	3	10	7	11	21	15	4	15	11	11	5	9	8	15	11	38	15	24
ENSG00000011275	7	6	12	10	10	5	5	11	8	11	8	9	5	2	7	16	12	3	7	8	6	5	7	11	13	6	21	10	10
ENSG00000011295	6	14	8	9	7	14	14	10	7	10	8	7	14	6	10	7	7	4	8	12	14	7	13	8	8	9	5	17	8
ENSG00000011304	20	21	40	23	49	27	32	26	22	24	24	7	22	13	27	39	26	11	41	26	18	23	33	16	39	27	21	24	27
ENSG00000011332	0	0	0	0	0	0	0	0	0	0	0	0	0	0	0	0	0	0	0	0	0	0	0	0	0	0	0.6	0	0
ENSG00000011347	1	3	0.9	0.5	0	2	1	1	1	1	0.8	6	2	8	0.8	0	0.8	3	18	43	4	26	2	1	2	2	3	2	0
ENSG00000011376	2	5	5	5	3	6	4	4	3	5	3	3	7	3	3	4	4	0.9	4	4	7	2	3	4	3	3	4	4	5
ENSG00000011405	15	14	11	13	5	12	12	19	12	15	18	6	18	7	13	10	11	3	17	16	11	7	9	15	12	13	20	25	8
ENSG00000011422	2	2	27	10	99	5	2	5	1	2	16	0.9	1	4	10	2	1	1	5	2	5	0.7	2	3	5	5	0.6	0.7	3
ENSG00000011426	0.5	0	4	3	18	3	3	0.5	6	0.7	1	0	0	0.6	0.6	4	0.8	0	7	0.6	4	0	3	3	0.8	4	11	0	9
ENSG00000011451	6	3	4	4	3	3	4	6	3	4	3	2	4	0.9	4	3	6	2	3	5	2	4	4	3	6	3	11	2	1
ENSG00000011454	9	8	11	13	2	10	6	16	15	13	11	9	9	3	10	11	13	3	10	16	10	8	6	17	10	8	15	20	10
ENSG00000011465	162	158	33	210	0	90	19	177	87	177	307	117	37	32	124	21	363	10	206	64	77	24	47	166	1	35	41	19	40
ENSG00000011478	2	3	4	3	4	4	4	3	2	4	2	0.8	2	2	3	5	4	1	4	6	3	3	3	2	5	4	3	6	3
ENSG00000011485	5	7	7	6	4	7	5	7	6	10	6	9	7	3	6	7	6	2	6	6	6	5	5	8	8	6	6	7	6
ENSG00000011523	6	4	5	7	2	5	3	14	6	10	8	6	4	0.6	6	7	15	2	6	7	4	4	4	11	6	6	5	7	5
ENSG00000011566	9	11	6	11	5	8	9	13	7	10	12	8	13	4	9	4	14	2	14	12	9	4	9	11	8	18	16	16	4
ENSG00000011600	20	32	136	35	173	17	28	6	7	12	38	7	7	19	105	26	4	3	67	9	19	11	28	8	164	24	7	5	14
ENSG00000011677	0	0	0	0.5	0	0	0	0	0	0	0	0	0	0	0	0	0	0	2	0	0	0	0	0	0	0	0.7	0	0
ENSG00000012048	0.9	0.5	3	2	3	3	1	1	2	1	0.8	0.7	0.6	0.9	0.9	4	0.7	0	2	0.7	3	0.6	2	1	1	1	7	2	6
ENSG00000012061	5	7	7	6	5	4	5	8	6	10	8	11	4	2	7	8	11	3	6	9	5	11	5	7	8	5	6	8	7
ENSG00000012124	0	1	47	5	3	1	0.8	1	0.5	14	2	0	0	0.5	4	136	59	0	0.9	0.9	3	0.6	2	0.9	68	1	1	0	113
ENSG00000012171	5	30	4	2	0	10	21	10	3	6	5	3	17	0	17	0	4	3	12	7	4	2	27	5	2	17	3	3	0
ENSG00000012174	3	6	4	4	0.6	3	3	6	3	4	4	2	4	5	3	3	7	1	5	5	3	3	2	4	2	2	3	4	2
ENSG00000012211	2	2	3	3	0.7	2	2	2	3	3	1	2	1	0.7	3	2	1	0.9	3	3	1	2	2	2	3	2	1	2	2
ENSG00000012223	2	0	19	1	1781	0.6	0.7	2	0	0.9	2	1	4	0	2	4	0	2	2	69	1	341	0.8	0.9	13	152	0	3	289
ENSG00000012232	4	8	4	5	1	3	2	6	4	8	4	10	3	0.5	4	3	5	1	7	4	3	3	2	8	5	3	7	5	2
ENSG00000012504	0	14	0.5	1	0	4	12	0	0	0	6	0	9	28	0	0	11	0	0	0	0.6	0	10	0	0	0	0	0	0
ENSG00000012660	127	97	56	30	41	12	17	28	20	35	42	11	23	33	35	63	17	3	23	116	12	7	11	36	33	12	60	26	51
ENSG00000012822	22	17	13	16	10	9	14	31	16	21	21	18	13	5	32	17	26	6	17	20	14	24	14	17	22	15	15	15	15
ENSG00000012983	9	8	9	12	8	8	7	24	12	12	15	4	6	3	11	8	20	2	9	11	10	6	8	15	9	9	6	10	7
ENSG00000013016	2	7	7	9	1	2	2	4	25	6	4	10	15	4	5	7	2	0	11	6	2	2	2	5	6	2	2	2	13
ENSG00000013288	7	7	9	10	6	6	7	8	5	7	10	6	7	5	11	9	15	4	9	12	5	6	7	5	12	10	4	13	5
ENSG00000013293	0	2	0.5	0	0	0	0	0	0	0	0	0	0	0	0	0	0	0	0	0	0	0	0	0	0	0	0	0	0
ENSG00000013364	14	34	43	25	13	43	58	12	15	21	30	8	27	4	39	28	19	5	16	14	27	9	57	17	35	47	17	8	18
ENSG00000013374	15	13	20	17	11	15	21	16	11	16	14	10	12	9	16	23	16	5	14	14	15	12	20	12	22	14	23	19	21
ENSG00000013375	5	9	6	8	2	7	6	8	4	6	12	2	4	7	7	4	8	4	12	25	7	9	6	6	4	8	10	10	4
ENSG00000013392	2	6	2	4	0	2	2	4	2	5	5	3	4	1	3	2	4	2	2	14	3	4	2	3	3	2	10	6	3
ENSG00000013441	25	62	54	39	154	20	36	66	31	35	48	16	16	14	35	63	62	14	35	52	28	26	29	18	61	31	19	32	51
ENSG00000013503	2	4	4	3	2	4	2	3	5	4	3	3	5	3	3	3	4	0.9	4	3	4	2	2	3	2	3	5	4	4
ENSG00000013523	3	8	7	6	2	4	4	8	4	9	7	5	5	1	7	6	11	8	5	5	5	6	4	6	14	7	28	7	6
ENSG00000013561	12	20	10	13	5	14	10	12	9	13	12	16	18	9	11	10	11	4	12	17	14	9	12	13	11	10	26	19	12
ENSG00000013563	3	3	3	5	5	3	3	3	4	5	4	6	3	0.9	5	5	3	0.8	4	4	2	3	3	3	7	3	2	7	3
ENSG00000013573	1	1	4	2	6	2	2	2	1	2	2	0.6	0.7	0	2	4	4	1	2	2	3	2	3	0.9	3	3	2	2	3
ENSG00000013583	12	20	6	10	12	9	63	11	8	12	10	8	15	17	14	6	21	6	9	12	6	7	43	10	12	6	7	27	6
ENSG00000013588	2	1	6	19	0.7	25	8	4	5	3	12	0	2	0	141	0	6	0	6	2	25	0.6	10	3	0	12	0.8	30	1
ENSG00000013725	0.5	0	13	4	8	1	2	0.5	1	1	3	0	0	0	3	24	0.5	0	0	0	2	1	4	0	13	4	0.5	0.5	15
ENSG00000013810	2	2	13	4	30	3	5	0.9	2	1	3	0.8	0.6	0.5	3	26	0.5	0	5	0.8	3	1	5	1	9	4	22	0.8	17
ENSG00000014123	14	21	21	25	13	19	22	21	20	20	20	14	17	11	16	23	20	7	15	26	19	17	21	15	17	24	17	29	20
ENSG00000014216	11	10	19	31	18	20	25	12	63	34	20	10	11	4	21	19	10	6	22	21	16	21	26	13	17	23	3	27	23
ENSG00000014257	1	2	5	1	9	1	2	0.6	20	0.7	0.8	0	11	0	2	0.9	0	0	4	2697	2	3	1	0	0.8	1	0.5	1	3
ENSG00000014641	44	52	23	31	14	34	35	20	24	32	20	195	47	20	17	30	19	5	21	28	42	20	31	30	17	19	17	28	42
ENSG00000014824	8	19	10	13	5	19	15	17	13	14	13	16	31	7	11	10	13	5	11	18	17	10	14	12	9	15	11	22	11
ENSG00000014914	3	17	6	5	2	25	51	17	4	7	16	2	6	0.6	5	1	17	0	5	5	43	1	51	13	2	8	8	0.8	1
ENSG00000014919	6	12	8	8	4	11	9	9	7	11	8	7	11	9	6	10	11	2	6	9	11	5	8	8	9	9	7	9	12
ENSG00000015133	2	0	9	5	9	4	5	2	3	8	3	0.8	2	0.5	5	14	0	1	1	4	3	3	5	1	12	6	5	0.7	7
ENSG00000015153	2	2	2	2	3	2	2	3	2	2	3	5	1	2	1	2	2	0	2	2	2	0.9	2	2	3	1	2	2	2
ENSG00000015171	26	29	22	36	6	23	22	49	32	36	34	26	33	11	31	20	42	10	23	41	23	25	23	43	24	33	24	69	19
ENSG00000015285	2	4	54	10	36	4	6	2	3	3	8	1	2	3	9	48	1	0.6	8	2	5	2	9	2	55	7	1	1	38
ENSG00000015413	0	1	0	2	0	0	49	0	0	0	2	0	137	0	0	0.7	0	78	0	0	0	0	167	0	0.8	0.5	27	0	0.5
ENSG00000015475	4	3	11	7	15	5	4	2	2	3	5	2	2	4	4	8	1	0.8	3	3	5	2	5	2	9	4	1	2	6
ENSG00000015520	0	0	0	0	0	0	45	0	0	0	5	0	0.5	12	0	0	0	0	0	0	0	0	52	0	0	2	0.6	0	0
ENSG00000015532	3	4	4	5	1	3	3	5	3	7	4	3	4	1	5	6	7	3	7	8	3	5	3	3	6	13	10	5	3
ENSG00000015592	0	3	0	0	0	0.5	0	0	0	0	0	0	0	0	0	0	0	0	0	0	0.6	0	0	0	0	0	0	0	0
ENSG00000015676	8	9	7	9	4	7	5	12	11	15	9	10	8	3	9	10	14	3	7	11	8	6	6	12	9	7	10	9	11
ENSG00000016391	0	0.8	0.9	0	0	6	5	2	0	2	3	0.6	26	7	2	0.8	1	3	0	4	8	10	7	0.8	0	5	4	1	1
ENSG00000016490	1	0	67	0	0	547	803	0.7	0	0	0	0	1	0	0	0	0	0	0	0	1093	0	1326	9	0	4	0	0	0
ENSG00000016602	0	0	15	36	0	110	0	0	263	0	0	0	0.5	0	0	0	0	0	0	0.6	118	0.5	2	4	0	0	0	0	33
ENSG00000016864	11	19	14	21	4	12	12	19	9	28	18	8	13	10	16	14	26	3	21	16	17	11	12	16	13	15	31	29	13
ENSG00000017260	13	17	13	17	12	15	11	17	12	21	16	10	16	7	25	12	15	3	13	52	17	10	12	13	10	15	16	16	13
ENSG00000017427	5	0	3	2	0	0.5	0	3	0	1	2	0	0	2	0	0.5	0	0	2	2	0.5	0	0	4	0.5	0	0.5	0	0
ENSG00000017797	10	9	11	16	7	12	7	10	16	13	9	7	18	4	10	9	11	2	12	13	10	6	8	8	11	11	6	9	10
ENSG00000018189	5	16	9	6	3	5	5	17	8	6	9	3	7	3	9	8	16	1	6	9	7	4	6	8	11	6	19	16	6
ENSG00000018236	2	26	2	10	0	2	1	10	4	2	10	0	6	0	2	2	41	1	0	18	3	2	2	7	5	2	8	0.7	2
ENSG00000018280	0.7	2	14	2	10	0	0	0	0.7	0	2	0	0	0	11	0	0	0	3	0	0	0	0	0.5	8	0	0	0.5	0
ENSG00000018408	16	9	15	23	0	8	5	28	25	13	25	8	23	6	23	5	22	6	25	17	6	8	5	26	10	5	4	18	4
ENSG00000018510	8	7	10	10	11	13	7	11	8	7	9	4	10	5	9	7	5	2	7	4	12	3	8	12	6	6	9	8	8
ENSG00000018610	7	7	7	7	10	8	6	9	5	11	6	6	8	3	8	9	11	2	8	8	8	6	6	8	9	7	6	10	10
ENSG00000018625	15	4	0.7	9	0	5	3	4	27	7	7	48	2	0	4	0	18	0	1	22	4	2	5	6	1	1	5	0.5	0
ENSG00000018699	4	5	7	7	5	7	5	9	8	9	5	4	5	3	6	7	10	2	6	6	7	5	5	7	7	6	12	9	10
ENSG00000019102	2	0.7	2	66	1	61	4	4	12	14	15	1	1	0	35	0.5	0	0	3	24	74	8	2	0.9	1	429	0.9	27	1
ENSG00000019144	14	3	3	4	0	4	3	10	3	5	8	7	4	0	6	2	5	2	8	5	4	2	3	6	5	4	4	4	0.5
ENSG00000019169	7	5	75	5	1	2	2	0	1	1	1	1	0	20	119	6	5	0	2	0.6	0.9	0	1	5	3	0	2	0	1
ENSG00000019485	1	1	1	1	0	1	0.6	3	1	4	1	2	1	0	2	0.8	4	0	2	2	1	0.9	0.9	2	2	0.8	1	4	0.7
ENSG00000019505	0	4	0.9	0	0	13	11	0	0	0	22	3	7	0	0	0	0	2	0	1	13	0	10	0.9	0	8	0.7	1	0
ENSG00000019549	11	7	16	15	0	6	3	17	8	17	11	4	6	2	5	3	29	0.9	9	9	5	7	3	15	6	5	4	3	5
ENSG00000019582	200	200	1082	581	225	276	566	215	159	522	511	86	192	190	1150	1672	207	40	94	147	385	238	753	333	1872	590	60	140	1861
ENSG00000019991	2	11	3	5	2	1	1	4	0.9	2	6	0.8	4	8	6	0.8	0.5	0	138	2	1	0.7	0.9	2	2	1	1	0.8	0.6
ENSG00000020129	4	8	5	5	2	2	3	6	3	8	5	6	4	0	4	5	9	1	4	8	2	4	2	5	5	3	8	6	3
ENSG00000020181	19	3	8	16	0.8	5	4	19	11	24	20	6	5	1	9	6	11	1	31	29	4	3	6	14	9	6	4	3	3
ENSG00000020256	1	2	2	3	0.6	2	2	2	2	3	2	1	2	0.8	2	2	3	0	2	3	2	2	2	2	2	2	3	3	2
ENSG00000020426	3	4	3	4	2	3	2	4	3	6	4	3	4	2	3	3	4	0.8	3	4	2	3	2	3	2	3	3	4	3
ENSG00000020577	5	2	4	4	0	2	2	6	3	2	5	16	2	3	5	3	1	1	4	4	2	1	2	9	4	1	22	2	2
ENSG00000020633	1	0.8	25	6	24	3	5	1	2	1	6	0	0.5	2	8	34	0.6	0	0.9	1	3	1	5	1	36	6	2	0.6	29
ENSG00000020922	4	4	6	5	8	4	3	8	3	6	4	2	3	1	5	8	6	1	4	6	6	3	4	5	7	4	5	4	7
ENSG00000021300	0.6	2	2	1	0	3	4	1	1	8	4	2	3	0	5	2	0.7	2	0	3	3	9	3	1	1	7	5	9	3
ENSG00000021355	17	36	82	39	311	73	114	14	407	37	60	12	14	14	50	46	16	36	23	11	77	37	92	17	35	90	6	26	114
ENSG00000021574	2	3	4	4	4	4	4	4	3	4	4	1	2	2	3	4	5	0.7	3	3	4	2	4	3	3	3	4	4	4
ENSG00000021645	0	2	0.8	2	0	0.6	0.5	1	0.6	0.7	0.8	0	0	0	0.6	0	0	0	0	1	0.7	0.5	1	6	2	0	1	0	0
ENSG00000021762	4	2	4	4	5	4	3	6	3	5	4	2	2	0	5	1	4	1	4	6	2	4	3	4	10	2	1	2	1
ENSG00000021776	4	5	7	6	5	6	4	7	5	6	6	2	4	2	5	7	6	1	6	5	6	3	5	5	6	5	7	7	8
ENSG00000021826	1	0	0	0	0	0	111	1	0.7	0	0.9	0	0.6	260	0	0	2	0	1	0	0	0	63	1	0.5	0	4	0.8	0
ENSG00000021852	0	0	0	0	0	0	0	0	0	0	0	0	0	211	5	0	0	0	0	0	0	0	0	0	0	0	0	0	0
ENSG00000022267	349	23	29	122	2	34	30	94	179	58	50	296	9	7	95	16	41	4	34	111	42	8	44	168	15	26	18	112	10
ENSG00000022277	20	22	21	21	29	18	18	21	19	25	18	17	20	10	17	23	24	6	20	20	18	11	17	20	21	15	23	20	27
ENSG00000022355	0	0.8	0	0	0	0	0	0	0	0	0	0	0	0	0	0	0	0	0	0	0	0	0	0	0	0	0	0	0
ENSG00000022567	1	1	3	3	2	3	2	2	1	6	2	2	4	0	3	2	1	2	4	4	1	4	2	1	3	9	12	4	1
ENSG00000022840	25	35	27	31	65	25	27	28	35	31	25	35	28	13	28	26	27	10	29	28	32	21	27	34	28	25	57	27	35
ENSG00000023041	10	13	19	15	10	14	26	19	10	14	16	6	20	7	14	20	16	3	14	15	20	9	27	11	16	15	10	16	18
ENSG00000023171	0	24	1	0.5	4	0	13	0	0	2	6	0.5	4	0	0.6	2	4	0	2	0	0.5	0	10	0.6	1	3	7	1	2
ENSG00000023287	12	14	11	16	27	12	10	17	16	13	14	14	13	10	13	13	19	4	12	14	9	8	12	13	12	10	36	16	11
ENSG00000023318	14	19	21	19	15	22	21	18	15	15	21	10	13	15	18	18	12	8	29	22	23	15	23	16	19	23	11	31	19
ENSG00000023330	20	469	21	36	87	30	33	14	22	15	23	47	19	225	35	18	11	4	26	18	32	21	28	18	13	26	20	18	25
ENSG00000023445	2	7	73	21	8	13	15	7	10	5	23	1	4	12	9	98	4	2	2	5	11	5	49	6	44	19	6	2	83
ENSG00000023516	12	16	14	12	3	13	8	16	12	13	14	8	13	7	11	17	17	2	7	12	11	6	8	13	14	11	25	15	13
ENSG00000023572	4	4	4	2	3	4	3	3	3	2	3	2	3	4	3	3	3	1	3	11	3	2	4	3	4	3	7	3	2
ENSG00000023608	3	6	5	7	3	2	3	5	4	5	5	3	3	2	3	5	4	0.5	4	5	2	2	2	3	4	2	14	6	4
ENSG00000023697	10	10	11	11	7	21	22	11	14	11	11	5	26	17	14	11	4	4	10	8	23	6	29	10	10	12	5	16	12
ENSG00000023734	55	64	59	51	59	49	36	51	45	45	47	48	56	32	40	44	34	19	47	41	43	29	36	49	35	35	56	68	52
ENSG00000023839	0	0	0.5	0.7	0.6	0	29	0	0	0	17	0	13	33	0	0.6	0	0	0	0	0	0	28	0	0.5	0	0.6	0	0
ENSG00000023892	1	2	30	11	37	6	8	2	7	3	7	0.5	1	0.8	7	42	2	3	8	10	7	9	10	2	36	14	19	3	30
ENSG00000023902	5	10	24	14	5	4	6	12	8	6	12	5	2	1	9	19	4	0	6	8	6	1	7	14	23	5	23	2	15
ENSG00000023909	8	12	6	6	8	5	18	3	6	12	10	3	9	23	6	4	3	2	8	6	5	2	11	3	6	5	3	17	9
ENSG00000024048	8	10	13	11	11	13	13	12	8	9	9	6	10	8	11	11	12	4	9	10	13	7	12	9	14	11	7	12	10
ENSG00000024422	165	21	24	39	0	14	11	35	20	26	28	18	9	4	65	8	35	4	44	32	13	10	15	60	34	12	12	12	7
ENSG00000024862	11	33	15	23	21	16	21	13	8	26	16	7	30	22	16	24	15	8	24	19	17	21	19	10	21	20	20	38	25
ENSG00000025039	9	11	3	5	11	3	2	2	14	11	5	25	21	3	5	2	2	2	2	6	2	41	1	2	5	2	9	21	3
ENSG00000025293	6	7	10	9	6	6	4	11	8	8	9	5	5	4	8	11	10	1	7	8	6	5	5	9	12	6	13	8	10
ENSG00000025423	0.8	2	4	12	0	4	2	9	5	1	6	0	0.7	495	40	0.6	3	0	3	32	4	0	3	7	31	3	16	21	0.6
ENSG00000025708	13	6	77	15	13	5	12	2	6	12	12	2	2	4	23	19	0.5	1	16	5	5	12	13	2	40	9	2	3	14
ENSG00000025770	7	7	13	8	35	8	9	12	10	13	7	6	5	3	13	16	15	4	11	9	6	9	10	8	13	9	22	8	12
ENSG00000025772	7	35	14	18	11	11	10	14	9	48	14	6	16	6	9	15	24	5	27	13	15	7	10	12	12	12	106	15	21
ENSG00000025796	18	25	17	17	19	15	11	21	13	19	20	8	13	17	17	14	29	12	15	24	16	38	12	16	12	17	27	41	12
ENSG00000025800	9	11	11	11	14	10	7	13	13	13	10	11	11	5	11	10	9	4	13	11	13	7	8	17	11	11	17	13	15
ENSG00000026025	334	86	175	169	231	85	41	284	101	270	266	71	30	19	207	177	739	22	196	62	113	31	54	219	160	51	59	237	160
ENSG00000026103	5	13	17	11	11	10	6	11	9	14	13	2	3	10	12	16	15	0	6	9	20	1	7	9	9	4	3	5	12
ENSG00000026297	2	3	9	3	9	4	5	4	1	10	5	0.7	1	1	3	14	3	2	3	5	6	5	5	2	26	7	1	4	9
ENSG00000026508	15	16	79	35	45	20	15	51	48	25	42	4	5	4	54	37	4	7	19	19	24	94	17	50	26	23	2	21	53
ENSG00000026652	2	2	2	2	2	1	0.7	5	2	3	3	0.6	2	0	3	0.7	5	0	4	2	2	0.7	0.8	4	3	0.9	2	2	0.8
ENSG00000026751	0.9	0	26	22	3	13	18	2	4	1	7	0	0.5	2	5	25	2	0	0	2	17	6	13	2	27	18	0	0.6	33
ENSG00000026950	8	10	23	15	11	10	14	15	5	14	17	3	5	4	24	33	20	1	10	10	14	8	16	9	48	16	3	5	21
ENSG00000027001	3	5	5	5	3	7	6	6	8	15	6	11	12	3	5	4	4	2	3	10	8	4	5	4	3	7	8	8	6
ENSG00000027075	4	2	8	8	4	3	3	5	8	5	7	3	2	1	10	17	1	0.7	8	5	3	7	4	6	12	2	2	6	11
ENSG00000027644	0	1	0	0	0	0	0	0	0	0	0	0	1	0	0	0	0	0	0	0	0	0	0	0	0	0	2	0	0
ENSG00000027697	94	36	77	57	57	45	57	38	36	37	65	38	17	26	68	80	24	8	45	31	40	22	56	43	102	27	18	32	83
ENSG00000027847	4	4	4	3	3	3	4	4	2	4	3	2	3	0.9	3	4	5	2	4	5	2	4	3	3	5	4	5	4	3
ENSG00000027869	1	0.5	7	2	0.9	1	1	0	0.8	0	2	0	0	0.9	2	6	0	0	0.7	0.5	1	0.5	2	0	4	2	0	0	3
ENSG00000028116	5	5	9	6	7	6	4	6	7	6	5	4	3	3	6	7	4	2	5	5	6	3	4	7	6	5	7	8	10
ENSG00000028137	32	10	107	30	51	12	17	11	7	12	26	6	4	12	33	46	5	2	36	5	13	4	23	10	78	16	2	4	28
ENSG00000028203	7	10	8	10	3	8	5	11	10	9	11	7	7	4	10	9	9	3	13	10	9	4	7	10	6	7	6	19	13
ENSG00000028277	0.8	1	11	3	2	1	1	0	0.7	0	1	0	0	0	2	23	0	0	2	0.9	1	0.8	1	0.7	14	2	2	0	20
ENSG00000028310	3	3	6	4	6	3	3	5	3	5	4	3	2	1	4	7	5	1	3	4	4	3	4	3	6	4	7	4	4
ENSG00000028528	20	16	18	18	9	13	13	25	15	19	15	11	14	7	22	19	21	4	17	20	16	11	14	20	20	13	13	36	19
ENSG00000028839	2	4	4	4	6	3	4	5	4	4	3	2	3	2	3	4	4	0.7	4	6	4	2	4	3	4	3	36	4	5
ENSG00000029363	14	18	24	17	66	19	14	29	16	19	16	7	13	8	18	28	26	5	16	22	18	11	15	20	21	18	17	21	18
ENSG00000029534	0	0	0.6	0	27	0	0	0	0	0	0.5	6	0	0	0	0.7	0	0	0.8	0	0	0	0	0	0	0.5	0	0	0.9
ENSG00000029639	2	6	4	4	1	4	3	3	3	5	3	4	2	2	3	5	4	0.7	2	3	5	2	3	4	4	3	7	4	5
ENSG00000029725	14	17	16	15	5	11	10	17	12	12	15	13	14	10	12	21	14	3	15	21	12	10	9	17	17	14	12	15	22
ENSG00000029993	2	3	5	6	13	11	7	6	4	5	3	1	5	7	4	6	2	1	38	5	8	2	8	4	5	3	7	4	9
ENSG00000030066	6	6	12	8	8	8	6	12	7	12	8	3	6	4	8	14	12	3	11	7	9	5	6	9	10	6	10	10	13
ENSG00000030110	3	8	12	10	10	13	22	3	7	4	6	4	3	0.9	4	12	3	2	6	3	11	4	16	5	10	6	3	3	12
ENSG00000030419	0.8	1	2	8	0.8	1	0.5	1	9	2	2	0.5	1	0	2	4	1	0	1	2	1	2	0.6	0.6	4	2	0.9	4	3
ENSG00000030582	49	34	95	78	177	73	61	37	112	35	94	30	41	20	157	65	19	13	111	49	50	48	56	32	147	61	35	50	40
ENSG00000031081	11	2	7	6	0.6	5	2	7	5	6	9	8	4	1	19	6	6	0.9	9	2	6	2	3	8	7	2	1	12	6
ENSG00000031691	3	4	6	4	3	4	3	5	4	4	4	3	2	1	3	7	5	0.7	6	4	4	1	3	4	4	3	6	3	9
ENSG00000031698	26	39	33	45	17	36	29	35	32	40	30	26	29	19	34	34	39	19	37	29	39	31	30	39	30	36	26	65	38
ENSG00000031823	5	8	8	7	7	5	7	9	6	8	7	5	5	2	8	10	8	2	6	9	4	5	7	7	11	8	14	6	7
ENSG00000032219	6	5	9	8	19	7	6	8	6	5	8	4	7	8	7	13	10	2	7	7	7	3	7	6	11	6	6	8	8
ENSG00000032389	2	3	4	4	3	3	3	2	3	5	2	2	3	0.9	3	5	2	0.8	2	3	3	2	3	3	3	3	4	6	5
ENSG00000032444	4	6	11	7	9	5	9	5	5	5	5	3	6	1	18	9	5	2	7	5	3	4	10	3	16	5	16	4	3
ENSG00000032742	2	4	3	3	2	3	3	6	2	7	4	1	7	2	4	2	6	0.7	2	4	3	1	3	3	3	2	33	8	2
ENSG00000033011	2	3	4	3	2	4	3	2	2	4	2	1	2	0.9	2	3	2	2	3	3	4	3	3	3	3	4	5	3	3
ENSG00000033030	3	3	4	4	14	4	4	6	4	4	4	2	3	2	4	6	5	1	4	4	4	3	4	3	6	5	5	5	5
ENSG00000033100	9	16	17	16	14	8	10	11	7	9	14	7	5	3	13	14	7	4	16	12	8	13	11	9	18	17	9	10	9
ENSG00000033122	0	0	0	0	0	0	0	0	0	0	0.6	0	0	0	0	0	0	0	0	0	0	0	0	0	0	0	1	1	0
ENSG00000033170	4	4	6	9	1	5	8	5	3	12	6	1	3	0.7	3	6	4	1	9	3	6	16	9	5	5	18	9	4	10
ENSG00000033178	4	5	8	7	6	5	5	6	6	4	5	2	3	4	5	8	5	1	6	6	6	2	5	5	6	6	6	5	9
ENSG00000033327	11	7	11	7	18	7	11	17	5	14	9	8	4	1	14	6	17	2	13	4	10	2	9	19	11	7	6	3	4
ENSG00000033627	5	12	7	5	7	7	12	10	5	7	9	4	12	3	9	5	8	2	8	7	8	4	8	8	10	6	10	10	6
ENSG00000033800	5	6	9	8	10	6	6	10	8	9	9	4	5	2	9	11	14	2	6	9	7	3	6	8	9	7	10	10	10
ENSG00000033867	3	4	8	8	2	5	44	5	8	3	12	2	4	1	3	10	5	0.7	4	7	6	3	12	5	5	3	6	2	7
ENSG00000034152	13	9	17	14	75	12	22	6	15	16	21	12	10	17	14	16	5	4	13	9	10	10	15	6	16	14	3	8	17
ENSG00000034239	0	0	0	0	0	0	0	3	0	17	0	0	0	0	2	0	5	0	0	1	0	0.5	0	1	0	0	4	0	0
ENSG00000034510	693	273	1176	479	558	1063	427	274	293	294	492	168	210	177	844	939	1078	83	655	229	858	205	884	452	1129	635	358	169	856
ENSG00000034533	2	3	4	4	3	4	5	4	2	5	4	1	2	1	3	6	5	0.7	2	3	5	2	5	4	4	3	6	5	6
ENSG00000034693	7	30	8	10	2	7	5	12	12	13	10	9	14	11	8	10	12	2	10	13	7	6	7	8	7	8	14	17	11
ENSG00000034713	25	42	22	23	23	25	17	27	18	31	23	41	32	14	25	23	24	6	27	34	20	18	18	23	29	22	24	31	25
ENSG00000034971	8	0.9	0	2	0	4	3	2	14	4	1	8	0	0	3	0	1	0.6	0	4	3	5	4	2	0	0	2	2	0
ENSG00000035115	2	6	3	10	2	7	5	6	3	8	8	1	18	0.5	7	4	7	7	5	6	7	10	8	2	4	8	6	10	5
ENSG00000035141	6	8	15	13	14	17	21	9	11	14	9	7	11	8	9	15	9	7	11	13	20	16	15	10	11	14	7	16	16
ENSG00000035403	35	11	28	49	17	26	18	75	60	25	39	50	16	5	31	11	27	7	40	59	32	11	20	110	24	18	29	22	13
ENSG00000035499	0	0	3	1	6	3	4	0	1	0	15	0	2	0	0	5	0	0	5	0	3	0	4	0	0.6	0.9	9	0.6	7
ENSG00000035664	2	0.6	0.6	0	3	2	4	0	0	0.5	0.7	3	0	0	6	0.6	0	0	0	1	2	0.7	5	0.5	2	3	0.6	9	0.6
ENSG00000035681	8	8	13	10	5	8	6	10	8	7	7	5	4	2	8	15	8	3	8	8	10	4	7	9	12	7	4	8	13
ENSG00000035687	9	13	21	23	19	18	17	16	20	16	16	3	15	7	16	20	14	4	16	16	19	8	16	16	16	19	51	20	22
ENSG00000035720	0	0	21	3	4	2	2	0.6	0.7	0	2	0	7	0	1	52	0	0	0	0	2	1	1	0	17	2	3	0	54
ENSG00000035862	112	89	53	152	6	53	31	217	72	92	233	56	36	15	96	44	470	12	106	103	57	18	47	219	94	32	108	31	18
ENSG00000035928	12	14	14	12	17	11	9	15	10	13	11	7	14	7	13	21	19	6	9	13	11	8	9	13	13	11	12	17	23
ENSG00000036054	9	15	13	12	13	12	13	13	12	8	12	7	11	9	11	11	12	4	14	9	12	9	12	10	10	11	13	11	12
ENSG00000036257	6	7	9	9	8	9	7	9	11	8	9	5	9	4	7	11	8	2	7	7	8	5	7	7	7	7	50	10	16
ENSG00000036473	1	0	0.7	0	0	5	89	0.6	0	0.8	0.5	0	0	111	1	0	0	0	0	0	2	0	66	0	0	1	0	0	0
ENSG00000036530	0	0.6	0	0	0	0	0	0.7	0	0	0	0.7	0	0	0	0	0.5	0	0	0	0	0	0	0	0	0	0.5	0	0
ENSG00000036549	4	7	6	7	4	6	5	10	6	8	6	3	7	3	5	7	10	2	6	7	6	4	4	8	5	6	5	12	7
ENSG00000036565	0	16	0	0	0	1	0.8	0	0	0	0	0	0	0	0	0	0	0	0	0	2	0	1	0	0	0.5	0	0	0
ENSG00000036672	2	4	0.8	0.9	0.7	3	7	2	3	4	1	13	18	6	0.9	0	0.7	3	0	0.9	3	2	8	2	0	0	36	1	0
ENSG00000036828	0	0	0	0	0	0	0	0	0	0	2	0	7	0	0	0	0	1	0	0	0	0	0	0	0	0	0	0	0
ENSG00000037042	9	8	5	8	2	3	4	11	4	9	7	5	7	1	8	5	12	6	5	10	3	7	3	8	7	6	8	7	3
ENSG00000037241	5	9	9	6	8	8	7	6	5	8	6	6	11	9	7	9	6	2	8	8	7	4	6	6	7	7	25	8	9
ENSG00000037280	4	3	3	2	0	0.8	2	3	1	6	3	2	3	0.9	8	3	1	0	6	2	0.8	0.7	2	3	11	0.9	3	7	0.8
ENSG00000037474	11	12	20	13	16	15	12	14	14	14	14	8	8	7	13	27	12	4	13	14	16	8	13	13	18	13	16	13	22
ENSG00000037637	4	4	4	3	4	3	2	6	5	6	4	3	3	1	4	5	5	2	4	6	4	3	3	6	5	3	5	5	5
ENSG00000037757	3	4	4	3	4	2	4	5	4	5	4	2	5	1	5	8	6	2	8	6	3	5	6	3	7	3	2	5	4
ENSG00000037897	2	5	5	3	3	4	2	5	3	6	3	1	7	2	2	3	4	2	3	3	4	3	2	5	2	2	4	6	5
ENSG00000038002	7	10	7	10	8	9	7	7	10	8	10	3	9	5	8	9	8	3	6	10	10	8	8	5	9	11	12	11	10
ENSG00000038210	3	5	8	9	4	11	19	5	8	5	5	1	4	12	8	9	3	1	5	6	10	9	16	4	7	10	5	12	10
ENSG00000038219	5	5	9	6	13	7	4	8	5	7	6	3	6	3	5	11	11	1	6	5	6	4	4	5	11	5	10	7	8
ENSG00000038274	13	21	31	30	11	26	32	20	15	29	18	17	30	11	23	43	30	3	18	18	26	17	31	16	36	22	14	31	36
ENSG00000038358	5	6	10	8	16	6	9	8	6	10	8	4	4	2	8	12	10	3	8	8	7	6	10	7	12	8	15	7	8
ENSG00000038382	7	5	7	8	3	7	3	8	4	5	8	4	4	1	7	5	10	1	7	6	6	1	4	10	10	3	7	4	4
ENSG00000038427	5	18	72	20	14	6	2	16	2	1	22	6	3	0.8	6	2	0	0.6	40	4	8	1	3	13	4	5	3	1	0.9
ENSG00000038532	2	3	3	2	3	3	3	2	2	3	2	2	3	0.7	4	4	2	0.6	3	2	2	2	3	3	4	2	16	3	4
ENSG00000038945	2	8	5	6	0	2	2	1	1	2	9	1	2	4	25	0.9	2	0.7	6	1	3	0.7	3	3	6	2	2	1	0
ENSG00000039068	0.5	0	9	29	4	109	88	8	45	46	31	0	25	43	25	4	0.8	18	50	76	98	36	86	1	9	77	0	119	24
ENSG00000039123	10	13	14	14	8	13	14	16	12	14	13	8	12	7	10	16	15	3	12	15	14	8	12	12	12	12	21	15	16
ENSG00000039139	0	0	0	1	0	0	0	0	0	6	0	0	0.8	0	1	0	0	0	0	0.5	0	0	0	0	0	0	0.5	0.6	0
ENSG00000039319	6	8	8	8	3	6	4	13	6	7	9	6	6	3	7	6	10	1	9	8	6	3	5	8	7	5	9	8	3
ENSG00000039523	12	7	10	9	9	3	4	10	5	10	11	9	8	2	17	8	9	3	14	9	3	5	4	10	24	4	9	9	5
ENSG00000039537	13	0.9	0	0	0	0.7	0.8	0	0	27	13	17	0.8	200	2	0	2	10	0.6	0	0.5	0.6	0.9	0	0	1	3	0	0
ENSG00000039560	3	5	10	16	0	5	4	24	5	7	10	2	10	6	17	8	5	1	20	7	5	5	3	31	23	5	16	6	5
ENSG00000039600	0	0	0	0	0	0	0	0	0	0	0	0	0	0	0	0	0	0	0	0	0	0	0	0	0	0	56	0	0
ENSG00000039650	4	10	9	5	8	4	7	5	4	7	5	3	4	0.9	7	10	5	2	5	7	5	5	6	3	14	8	7	5	6
ENSG00000040199	2	2	2	1	2	7	7	3	1	1	2	0.6	2	0.9	2	2	3	0.6	1	2	8	0.8	13	3	2	0.8	6	4	2
ENSG00000040275	1	2	6	3	4	2	2	4	2	3	3	1	2	0.5	2	7	3	0	4	2	3	1	3	3	3	2	23	2	8
ENSG00000040341	5	7	4	7	4	4	3	5	7	4	6	8	6	3	4	4	4	1	4	5	5	4	5	5	4	4	4	5	6
ENSG00000040608	0	0	0	0	0	0	0.8	1	0	0	0	0	0	0	0.5	0	0	0	0	0.5	0	0	0	0	2	0	0	0	0
ENSG00000040633	7	12	13	12	3	10	11	12	15	13	10	5	11	6	10	15	10	3	13	13	10	8	8	12	12	8	13	12	18
ENSG00000040731	0	0.7	0	0	0	0	0	0	0	0	0	0	0	0	0	0	0	0	0	4	0	0	0	0	0	0	0	0	0
ENSG00000040933	4	4	7	7	4	3	3	4	3	3	6	3	2	0.8	5	10	3	0.9	4	3	4	2	4	4	9	3	4	3	6
ENSG00000041353	0	2	1	9	0	5	4	0.9	12	1	4	0	0	0.6	5	0	0	1	1	19	5	9	4	0.5	2	33	2	0	5
ENSG00000041357	11	13	22	17	15	19	18	14	12	11	14	8	13	11	10	21	8	2	13	17	16	6	17	15	13	13	17	11	22
ENSG00000041802	6	7	15	9	18	10	13	13	9	11	11	5	9	5	8	14	10	3	10	10	13	6	9	9	13	9	12	12	14
ENSG00000041982	7	2	96	15	0.5	6	9	23	9	2	8	5	11	2	12	24	0	0.8	2	17	13	3	15	76	17	4	3	3	12
ENSG00000041988	2	3	2	2	2	1	2	3	2	4	2	2	2	0.8	3	3	4	0.9	3	3	1	3	2	2	4	2	4	3	3
ENSG00000042062	4	8	3	5	12	1	2	12	2	11	3	2	9	2	0.9	2	2	0	1	1	1	0.8	2	4	3	1	4	0.8	0.9
ENSG00000042088	2	2	5	3	4	3	2	3	2	5	3	0.5	2	0.9	2	7	3	0.6	2	2	4	1	2	2	4	2	12	2	9
ENSG00000042286	19	5	3	4	0.9	5	5	3	5	3	4	4	3	2	4	3	3	0.8	3	4	4	2	4	3	3	3	2	7	2
ENSG00000042317	2	2	0.7	2	0.5	1	0.9	3	0.9	3	2	0.8	2	0.7	1	0.5	4	0.7	0.7	2	1	0.8	0.7	2	1	1	15	4	0.5
ENSG00000042429	0	0	0.5	0	0.9	0	0	0.6	0	0.5	0.6	0	0	0	0	0.6	0.8	0	0	0.5	0.5	0	0	0	0.7	0.5	0	0.6	0
ENSG00000042445	140	31	13	14	3	50	99	10	21	13	23	8	37	39	19	8	12	7	8	22	52	13	94	14	9	42	13	35	13
ENSG00000042493	9	6	36	23	43	18	10	8	47	21	18	1	29	3	57	36	2	3	13	15	19	7	15	9	12	34	8	34	42
ENSG00000042753	16	23	24	12	30	19	17	8	16	12	13	9	13	11	18	14	8	4	27	21	14	14	19	9	25	13	15	10	17
ENSG00000042813	0	0	0	0	0	0	0	0	0	0	0	0	0	0	0	0	0	0	0	0	0	0	0	0	0	0	55	0	0
ENSG00000042832	0	0.6	0	0	0	0	0	0	0	0	0	3	0	0	0	7	0	0	0	0	0	0.6	0	0	0	0	0.7	6760	0
ENSG00000042980	0	0.8	9	5	3	5	3	3	0.8	5	15	0	2	0	1	12	0.9	0	1	2	5	2	3	1	8	40	0	0.5	11
ENSG00000043039	0	0	0.5	0	0	4	6	0	39	8	3	0	2	0	0	0	0	1	2	2	2	36	6	0	0	3	2	0	3
ENSG00000043093	5	5	6	6	12	5	5	5	7	5	6	3	6	5	4	5	4	1	4	5	5	3	5	5	5	4	29	7	7
ENSG00000043143	4	8	9	7	3	4	5	5	4	10	6	3	7	0.5	8	14	13	2	4	5	4	5	7	5	14	6	5	9	10
ENSG00000043462	4	6	30	10	36	4	5	3	3	2	11	1	2	4	10	26	1	0.7	6	2	5	1	8	3	28	6	1	2	15
ENSG00000043514	2	2	3	4	2	3	2	6	3	6	2	2	2	1	3	3	3	2	4	5	4	2	2	4	3	3	5	5	4
ENSG00000044012	0	0	0.5	0	0	46	18	0	0	0	0.6	0	0	1	0	0	0	0	0	0	11	0	64	0	0	1	0	0	0
ENSG00000044090	6	11	8	8	3	6	8	14	6	17	8	4	8	2	8	8	16	4	12	12	7	7	7	10	10	7	8	12	6
ENSG00000044115	41	47	31	45	10	54	46	44	69	58	44	49	49	14	58	14	43	10	51	42	52	26	47	47	30	58	19	54	31
ENSG00000044446	8	7	5	4	7	4	7	8	3	7	7	4	4	6	5	5	10	3	6	8	4	4	6	4	6	4	9	6	4
ENSG00000044459	2	1	1	2	3	1	0	4	1	2	2	0.5	1	3	1	1	4	0	1	1	1	0.5	1	2	2	0.6	3	2	0.7
ENSG00000044524	4	0.9	2	13	0	3	2	6	3	0.7	12	4	1	2	1	3	3	0.5	13	23	6	0.7	2	7	0.9	2	0.9	9	2
ENSG00000044574	76	127	238	136	361	126	107	150	78	136	111	87	79	100	113	106	101	35	210	153	130	109	120	129	88	128	140	642	138
ENSG00000046604	21	1	14	31	0.5	100	68	10	8	23	30	17	23	7	13	1	11	11	22	27	97	41	73	6	0	67	4	39	5
ENSG00000046647	5	6	6	6	4	4	4	10	4	12	7	4	6	1	6	7	13	2	5	6	5	6	3	8	6	5	4	10	6
ENSG00000046651	5	6	15	8	14	8	10	16	5	12	10	3	6	2	10	23	15	2	5	12	9	9	11	6	14	14	10	13	15
ENSG00000046653	4	6	4	3	0.5	6	2	7	6	5	4	4	2	0	9	2	3	0.5	0.6	12	4	6	4	3	11	2	2	3	2
ENSG00000046774	0	0	0	0	0	0	0	0	0	0	0	0	0	0	0	0	0	0	0	0	0	0	0	0	0	0	22	0	0
ENSG00000046889	9	1	1	3	0	2	2	3	2	7	4	2	2	0.7	5	0.9	2	0	6	2	1	0.8	2	2	1	2	1	4	0.8
ENSG00000047056	4	8	8	5	8	5	5	5	4	7	5	8	5	1	6	9	7	2	5	5	5	3	5	5	12	7	10	7	7
ENSG00000047188	5	7	9	6	5	6	6	7	6	5	7	3	5	4	5	11	5	2	4	7	7	3	6	5	8	6	12	5	7
ENSG00000047230	3	5	3	4	3	6	8	8	3	7	5	2	3	2	4	5	9	2	4	7	7	2	6	5	3	5	2	5	5
ENSG00000047249	8	16	8	11	9	8	6	10	11	9	9	7	20	3	9	8	9	2	9	13	8	8	6	10	8	7	10	19	9
ENSG00000047315	16	20	31	27	22	24	20	24	18	25	24	18	18	8	18	36	20	6	19	21	27	12	20	24	24	19	29	26	37
ENSG00000047365	0.6	1	6	4	5	3	5	2	6	2	5	0	2	2	8	9	0.7	0.7	2	1	3	2	5	2	7	4	4	12	5
ENSG00000047410	13	13	21	16	17	16	11	18	12	18	14	8	12	6	16	25	18	3	17	13	17	6	12	14	18	14	41	19	19
ENSG00000047457	2	1	1	15	0	5	5	10	2	3	0.6	0.9	1	350	3	5	0	0	1	2	9	1	4	1	12	1	0.7	0.5	8
ENSG00000047578	2	3	3	3	3	3	3	3	4	19	4	2	3	0.5	4	3	3	1	3	6	3	2	3	3	4	7	7	9	2
ENSG00000047579	4	4	7	6	6	5	4	6	4	5	6	5	6	0.8	5	12	4	1	7	5	6	3	5	6	8	5	5	6	11
ENSG00000047621	5	4	7	7	4	5	3	5	5	5	5	3	3	1	5	7	3	0.8	6	6	6	2	3	6	5	4	6	6	7
ENSG00000047634	5	9	7	3	3	5	7	10	3	4	5	2	3	7	5	9	15	1	5	6	8	2	7	6	6	5	24	3	4
ENSG00000047644	7	10	10	9	4	4	4	8	10	7	10	9	5	1	23	12	16	2	15	9	5	5	5	8	13	4	7	10	9
ENSG00000047648	4	0.6	1	5	0	2	1	8	2	3	3	1	3	0	5	0.9	9	0	2	21	2	0.5	1	7	4	1	1	14	0
ENSG00000047849	31	12	17	21	4	16	11	22	24	27	20	69	18	7	22	13	23	5	20	18	16	8	13	32	20	13	27	15	14
ENSG00000047932	11	13	16	17	5	19	10	24	10	19	16	12	11	6	13	20	24	3	14	16	18	9	13	17	15	14	18	24	14
ENSG00000048028	3	4	7	7	2	6	6	8	5	7	5	22	5	3	5	9	9	2	4	7	7	6	6	8	9	6	7	6	11
ENSG00000048052	2	3	3	2	0.6	1	0.9	3	0.7	2	2	2	0	0	0.7	4	0.5	0	1	2	1	1	0.8	2	4	2	2	0.5	5
ENSG00000048162	3	4	7	4	4	4	4	3	5	5	4	3	2	2	2	6	4	1	3	3	4	2	4	4	3	2	4	2	8
ENSG00000048342	3	4	2	5	0	2	2	6	3	14	7	2	7	0.6	4	0.9	5	0	3	4	2	1	1	6	2	2	2	3	0.5
ENSG00000048392	8	20	11	12	3	12	11	12	8	13	11	8	16	7	16	16	10	3	10	14	11	5	8	9	11	7	9	37	15
ENSG00000048405	5	5	9	7	33	7	6	7	7	6	8	2	5	5	6	11	6	2	5	6	6	4	6	5	8	7	15	7	9
ENSG00000048471	4	2	6	5	4	2	2	5	4	7	4	2	13	0.8	5	9	8	0.7	5	3	2	2	2	5	7	2	5	5	11
ENSG00000048544	19	21	19	23	15	19	17	17	32	16	15	27	20	15	15	20	13	5	18	15	19	13	15	17	16	15	16	22	25
ENSG00000048649	3	8	5	6	4	6	3	7	4	6	5	3	6	3	5	5	8	1	5	6	5	3	4	6	6	5	7	7	4
ENSG00000048707	5	4	5	6	3	7	4	6	8	5	6	5	7	2	6	5	7	2	4	7	6	5	4	6	5	5	7	11	5
ENSG00000048740	22	3	20	10	26	9	5	8	12	8	10	11	1	0.9	19	23	24	0.7	4	7	11	3	7	12	22	4	5	4	14
ENSG00000048828	23	28	37	34	20	43	31	25	26	35	30	21	26	15	26	32	24	10	35	29	41	21	33	27	31	43	13	33	28
ENSG00000048991	4	5	6	6	6	5	3	5	4	4	4	2	3	2	3	7	3	1	3	3	6	2	4	5	5	4	13	6	9
ENSG00000049089	0	2	2	3	5	1	3	2	0.5	4	4	0.5	3	0	2	3	0	0	0.8	11	1	8	3	0.5	3	10	1	2	2
ENSG00000049167	2	2	2	2	1	2	1	2	1	2	2	1	2	0.5	1	2	2	0	2	1	2	1	1	2	2	1	3	3	2
ENSG00000049239	17	14	13	15	6	10	10	19	12	23	14	10	8	10	19	13	34	4	15	13	9	41	11	20	14	15	10	11	11
ENSG00000049245	70	65	40	65	52	51	44	62	58	55	56	36	42	16	71	29	51	7	55	43	55	22	47	63	41	42	38	50	38
ENSG00000049249	0	0	2	0.6	0.6	0	0	0	0	0	0	0	0	0	0	5	0	0	0	0	0	0	0	0	2	0	0	0	4
ENSG00000049283	0	4	0	3	0	2	4	0	8	5	3	2	2	0	0	0	5	4	4	9	3	4	2	0	0	15	1	0.9	2
ENSG00000049323	10	9	14	36	6	11	6	37	12	20	48	39	9	9	15	4	21	2	48	28	11	5	6	63	5	13	13	2	12
ENSG00000049449	7	8	9	13	2	8	5	13	3	9	6	2	3	5	6	4	10	0.9	14	12	7	7	5	10	5	4	4	7	4
ENSG00000049540	20	11	17	39	0	7	3	9	24	12	36	23	3	2	37	6	9	11	27	20	5	9	5	16	17	4	6	3	2
ENSG00000049541	4	5	12	8	13	6	6	7	10	8	7	4	4	5	7	15	8	2	14	7	10	5	7	9	9	7	7	7	21
ENSG00000049618	2	2	2	3	2	2	2	3	2	3	2	1	2	0.7	2	3	4	0.9	2	2	2	3	2	3	3	2	2	4	3
ENSG00000049759	2	2	2	5	1	9	3	2	2	2	3	3	11	1	13	0.8	1	3	2	13	11	4	6	2	1	7	2	4	2
ENSG00000049768	0	0	5	3	0.6	0	0	0	0	0	1	0	0	0	0.6	3	0	0	0	0	0	0	0	0	1	0.6	0.9	0	3
ENSG00000049769	0.7	2	1	1	0	0	0.6	1	0.9	2	0.7	4	0.8	0	0.9	1	2	0	0.6	1	0	0.7	0.7	1	1	0.6	2	1	0.8
ENSG00000049860	17	22	22	32	16	35	30	27	12	17	33	15	18	17	29	13	16	10	81	35	38	17	26	27	17	26	8	29	13
ENSG00000050165	5	61	7	22	0	11	8	19	14	9	47	384	11	3	37	4	24	3	14	40	13	9	11	34	18	14	29	10	4
ENSG00000050393	6	5	5	6	3	7	12	6	6	5	6	4	16	4	8	5	3	2	6	6	8	4	10	4	5	5	4	17	8
ENSG00000050405	46	27	25	52	1	75	61	33	16	24	47	7	19	6	33	21	13	4	21	27	74	19	67	26	22	61	11	15	19
ENSG00000050426	11	14	8	11	8	10	19	14	6	16	9	5	10	4	10	14	19	4	8	11	16	9	13	8	13	12	8	18	11
ENSG00000050438	0	2	0.8	0	0	0	0	0	0	1	0	0	0.5	0	0.6	0.9	2	0	0	0	0	0	0	0	0.6	0.5	8	0	0.9
ENSG00000050555	0	9	0.6	4	0	0.7	0.5	1	0.6	0.9	3	0	4	1	11	0	0	0.7	59	1	0	0.8	0	0	9	0	19	0.8	0
ENSG00000050730	0	0	5	0.7	0	0	0	0	0	0	0.6	0	0	0	0.5	0.7	0	0	0	0	0	0	0	0	0	0	0	0	2
ENSG00000050748	6	8	6	7	4	8	7	6	5	7	7	7	6	3	7	7	5	4	6	8	9	5	7	6	6	7	7	10	7
ENSG00000050767	0	0.5	0.6	0.5	5	0	2	1	0	1	0.5	4	0.7	0	0.5	0.7	0	0	0	3	0	0.9	2	0	1	0.8	2	16	0.6
ENSG00000051009	9	11	13	12	26	16	30	16	8	18	15	6	7	4	14	14	16	6	11	17	25	11	31	12	15	17	29	15	7
ENSG00000051108	21	38	51	41	37	43	36	27	15	29	31	19	36	24	26	38	78	46	26	86	47	50	33	25	42	53	12	76	77
ENSG00000051128	2	2	2	3	3	1	1	2	1	1	4	1	4	0	2	1	2	0	2	2	1	1	1	1	22	2	1	4	0.7
ENSG00000051180	0	0	0	0	0	0	0	0	0	0	0	0	0	0	0	0	0	0	0	0	0	0	0	0	0	0	0.9	0	0
ENSG00000051382	6	5	8	7	8	11	8	5	9	7	6	5	13	3	5	7	5	3	10	9	10	9	9	5	6	7	5	24	7
ENSG00000051523	10	4	50	12	82	24	21	5	3	9	16	2	14	4	18	48	1	3	8	6	8	8	23	3	72	31	2	5	22
ENSG00000051596	0	0.6	0.6	0	1	0.9	0.6	0	0.9	0	0	0	0.6	0	0.5	1	0.5	0	0.6	0.6	0	0	0.6	0	0.7	0.6	2	0.6	1
ENSG00000051620	15	5	4	6	4	7	5	5	8	6	6	4	5	4	4	3	5	2	4	12	7	5	5	4	4	7	2	3	4
ENSG00000052126	2	8	2	6	0.5	4	4	10	7	7	7	7	10	2	5	0.8	10	1	4	5	4	2	4	5	0.8	4	8	4	1
ENSG00000052344	0	0	3	2	0	45	60	4	30	9	28	0	17	2	25	0	0	19	26	31	21	66	58	1	0	47	0	21	3
ENSG00000052723	8	7	12	9	7	9	9	9	8	8	8	4	9	4	7	14	8	2	8	8	9	5	8	9	10	8	7	9	11
ENSG00000052749	2	4	5	2	33	2	3	3	3	4	3	3	2	2	3	3	3	2	2	3	2	3	2	3	4	2	8	3	3
ENSG00000052802	6	58	19	13	4	22	53	10	54	17	10	8	24	132	59	12	11	5	14	43	16	8	21	11	7	20	50	16	18
ENSG00000052841	8	9	9	8	9	9	9	16	6	14	10	4	7	6	10	10	16	6	9	12	11	11	10	10	11	11	12	15	9
ENSG00000053108	0	0.6	0	3	0	0	0	0	0	0	0	0	1	0	0	0	0	0	0	0.5	0	0	0	0	0	0	1	0	0
ENSG00000053254	18	14	11	13	9	10	14	15	20	12	13	11	6	7	11	14	26	3	10	10	10	5	16	17	10	10	7	5	12
ENSG00000053371	18	25	10	14	13	20	51	13	19	33	17	11	46	9	14	14	28	7	13	20	15	13	33	13	14	22	18	14	13
ENSG00000053372	5	10	13	7	8	10	13	10	10	14	8	5	5	5	7	14	13	3	8	8	12	6	13	11	8	9	12	9	17
ENSG00000053501	5	7	7	4	5	3	4	5	3	5	4	4	4	2	5	7	7	2	5	5	3	6	4	4	8	5	4	4	5
ENSG00000053524	0	2	0	0	0	0	0	0	0	0	0	0	0	0	0	0	0	0	0	0	0	0	0	0	0.6	0	0.6	0	0
ENSG00000053702	3	4	3	3	3	4	2	9	2	4	5	3	7	0.5	2	3	9	0.8	2	3	5	2	3	7	6	4	2	5	4
ENSG00000053747	3	0.5	4	4	0	6	7	8	3	9	4	0.8	0.6	0	14	3	2	0.6	4	4	5	4	8	6	0	10	2	0	3
ENSG00000053770	3	5	5	6	2	8	8	4	5	4	5	4	8	3	4	6	3	1	4	4	9	4	8	5	5	4	3	6	7
ENSG00000053900	4	6	8	8	7	5	5	15	4	13	6	3	3	1	6	9	7	1	6	6	7	4	6	5	8	5	6	5	7
ENSG00000054116	11	16	12	13	7	12	11	12	13	14	11	8	11	7	11	14	9	4	12	13	14	9	12	15	13	11	15	20	18
ENSG00000054118	33	34	47	35	28	32	28	41	32	43	30	26	27	21	34	56	41	9	34	48	37	24	30	37	47	36	40	43	58
ENSG00000054148	16	26	18	15	16	24	26	14	14	28	19	35	19	4	20	15	18	15	20	35	17	32	31	13	25	22	28	24	11
ENSG00000054179	0	0.5	0	0	0	3	8	1	1	5	3	0	3	0	0	0	0	0.5	0.5	7	2	2	5	0.7	0	6	3	0	0
ENSG00000054267	6	7	10	9	12	7	5	12	6	8	10	3	6	4	8	15	10	2	7	10	6	5	6	6	12	8	13	10	11
ENSG00000054356	0	9	1	0	0	0	0.5	0	0	0	0	0	0	0	0	0	0	4	0	0	0	0	0	0	0	2	0	0	0
ENSG00000054523	4	8	4	5	4	6	5	7	8	6	5	8	8	2	5	2	8	2	4	5	5	5	5	7	3	4	11	6	2
ENSG00000054598	5	6	1	8	0	0.8	0.8	2	5	3	8	3	12	0.7	3	2	4	0.9	3	8	0.7	97	0.7	2	0	0.9	2	3	2
ENSG00000054611	4	4	7	5	4	5	7	4	5	8	5	3	5	2	7	10	5	2	7	4	4	5	7	4	11	7	4	5	9
ENSG00000054654	5	2	4	4	3	8	3	5	4	6	4	5	16	2	7	7	13	3	5	3	6	3	3	3	6	6	8	12	5
ENSG00000054793	22	11	6	12	1	21	12	13	11	28	14	7	8	4	12	3	19	4	5	18	16	17	16	12	3	14	24	30	3
ENSG00000054938	0	0	60	17	0	0.6	1	27	0.9	0	56	0.5	0	0.8	0	0	0	0	1	3	0.8	0	0.7	49	0	0	2	0	0.9
ENSG00000054965	10	10	10	10	6	8	7	15	8	15	16	7	11	3	9	9	15	3	8	11	9	7	9	17	9	8	7	13	9
ENSG00000054967	0	0.8	5	1	30	0	0.6	0	0.6	0	2	0	0	0	1	4	0	0	2	0	0.6	0	0.9	0	6	0.7	1	0	3
ENSG00000054983	6	10	10	9	8	8	18	8	4	13	12	5	8	3	14	6	9	2	8	8	10	3	17	5	9	9	16	13	4
ENSG00000055044	12	22	31	19	42	21	17	26	16	19	17	8	11	11	16	42	22	6	18	22	23	12	17	17	24	18	18	18	38
ENSG00000055070	19	19	25	23	29	21	18	22	22	24	22	15	18	7	19	26	23	5	22	17	17	11	21	27	24	17	11	20	25
ENSG00000055118	0	3	2	4	27	2	2	6	2	4	5	12	0	0	1	0	0.6	0.7	1	5	2	0.8	2	7	1	2	19	0	0
ENSG00000055130	20	25	29	30	23	18	19	29	24	24	25	20	12	19	24	35	28	7	29	23	22	14	21	26	29	20	94	26	31
ENSG00000055147	4	5	6	5	2	4	4	5	4	4	4	5	4	2	4	6	4	1	4	5	4	4	4	6	5	4	12	5	7
ENSG00000055163	1	6	18	7	17	4	3	4	2	6	6	3	56	3	6	32	2	1	5	3	5	1	4	3	18	4	3	6	34
ENSG00000055208	16	18	25	26	25	24	16	26	26	22	22	14	20	17	21	25	29	7	18	22	23	26	17	26	25	19	20	26	29
ENSG00000055332	7	8	9	10	9	9	8	11	6	10	8	4	8	3	10	8	11	2	9	10	8	6	9	11	10	9	4	10	7
ENSG00000055483	7	12	10	7	15	5	6	9	5	8	9	3	5	3	7	10	10	5	9	7	5	5	5	6	9	6	8	8	7
ENSG00000055609	4	6	7	6	15	7	4	9	6	9	6	3	6	3	5	7	13	3	8	6	6	6	4	7	7	6	9	11	6
ENSG00000055732	4	49	0	0	0	0.5	5	8	0.5	2	0	0.8	2	0	5	0	2	2	3	0	1	2	2	1	1	1	0.8	1	0
ENSG00000055813	3	0	0	0	0	0	0	0.9	0	0.6	0	0.6	0	0	1	0	0	0	2	0.5	0	0	0	0.7	0	0	0	2	0
ENSG00000055917	19	28	32	34	18	32	27	36	33	28	26	17	26	16	27	40	36	7	28	30	29	18	28	26	37	29	23	46	39
ENSG00000055950	6	11	8	8	5	6	9	7	7	10	7	6	10	4	9	8	13	5	8	12	5	10	8	5	8	9	14	10	5
ENSG00000055955	0	0	0	0	0	0	0	0	0	0	0	0	0	3	0	0	0	0	0	0	0	0	0	0	0	0	0	0	0
ENSG00000055957	0	0	0	0	0	0	0	0	0	0	0	0	0	352	0	0	0	0	0	0	0	0	0	0	0.6	0	0	0	0
ENSG00000056050	10	14	13	14	10	11	9	18	10	14	10	10	10	7	10	16	15	2	12	14	14	6	9	16	13	10	13	12	17
ENSG00000056097	18	22	19	22	19	17	13	24	19	25	19	15	17	8	15	20	29	6	22	19	17	14	15	20	17	15	28	25	20
ENSG00000056277	1	2	2	2	2	0.9	1	3	1	2	2	0.5	0.8	0	2	3	2	0	2	2	2	0.8	1	2	2	1	11	2	2
ENSG00000056558	3	5	17	7	5	2	3	4	3	4	7	2	2	0.9	6	28	6	0.6	2	4	3	2	4	3	12	5	2	3	18
ENSG00000056586	6	6	10	10	4	6	6	9	8	8	9	5	6	4	7	12	8	1	7	6	7	3	6	7	9	7	9	8	10
ENSG00000056972	4	4	6	6	7	8	8	12	8	15	5	2	3	0.8	5	4	5	2	4	5	8	5	6	9	2	9	0.8	5	7
ENSG00000056998	151	2	2	2	0	2	1	2	0.7	4	2	0.8	1	6	0	0	2	1	1	3	3	2	0.6	3	0	2	0.9	0.9	0
ENSG00000057019	5	8	3	5	0	3	1	8	3	9	7	9	5	3	7	2	10	1	3	6	3	3	2	8	0.9	2	14	9	2
ENSG00000057149	0	0	0	40	0	0	0	0	324	0	0	0	0	0	0	0	0	0	0	0.9	0	0	0	0	0	0	0.9	0	6
ENSG00000057252	5	124	13	9	8	8	7	9	4	10	16	2	7	5	10	10	8	5	9	24	8	20	7	8	10	10	8	6	7
ENSG00000057294	1	2	3	2	2	28	12	4	3	45	3	67	3	5	0.8	2	7	3	11	5	27	21	14	2	1	10	4	0	6
ENSG00000057593	0	0	0	0	0	0	0.5	0	0	0.5	0	0	0	49	0	0	0	0	0	0	0	0	0	0	0	0	0.9	0	0
ENSG00000057608	51	58	81	69	42	86	80	51	59	54	66	24	58	50	49	98	58	23	63	44	74	34	75	57	71	64	44	58	117
ENSG00000057657	3	2	14	11	8	8	5	8	33	3	7	0.6	1	0.8	4	11	3	0	4	2	10	2	8	3	10	10	0.9	7	17
ENSG00000057663	6	12	7	10	7	12	9	11	7	11	8	4	7	5	6	7	9	2	8	9	11	4	10	10	6	9	7	11	9
ENSG00000057704	7	4	6	5	4	13	10	6	4	6	4	1	6	1	4	3	4	0.7	9	6	11	2	16	7	9	5	2	11	3
ENSG00000057757	16	23	18	17	46	22	16	22	24	24	15	12	17	13	21	26	20	7	23	31	22	15	16	23	23	20	33	20	33
ENSG00000057935	3	9	3	4	0	4	3	7	4	6	4	2	4	0.8	3	5	11	1	4	5	4	2	3	5	3	4	8	3	5
ENSG00000058056	5	12	2	3	0.8	2	0.9	5	3	4	3	24	3	3	5	3	11	0.9	2	4	2	4	1	5	3	2	7	8	2
ENSG00000058063	11	7	16	16	22	16	14	13	26	11	16	5	10	6	10	20	13	4	7	20	17	8	15	11	13	27	16	11	15
ENSG00000058085	0.8	0	12	4	0	10	2	9	4	32	10	0.6	3	0	25	7	0.6	0.7	10	4	11	2	12	3	0.7	10	2	16	10
ENSG00000058091	4	3	6	6	3	3	2	8	2	9	9	5	13	5	7	10	11	3	4	8	2	4	2	5	6	6	6	10	10
ENSG00000058262	41	64	70	71	46	62	53	59	45	66	68	28	40	32	49	48	48	46	81	73	69	101	51	76	44	71	38	83	63
ENSG00000058272	10	9	13	20	16	11	8	27	18	13	15	6	7	4	11	15	10	1	14	22	10	5	10	27	13	8	11	10	11
ENSG00000058335	0	0	0.7	0	0	0	0	0	0	0	0	0	0	0	7	0.6	0.6	0	0	0	0	0	0	0	0	0	0	0	0.7
ENSG00000058404	0	4	0	0	0	0	0.5	0	0	0	0	13	0	0	0	0	0	0	0	1	0	0	0	0	0	0.6	1	3	0.7
ENSG00000058453	3	2	2	1	1	1	1	1	0.5	7	1	0.8	1	0	3	2	3	0.8	2	3	0	2	2	1	4	2	2	0.7	0.5
ENSG00000058668	53	30	25	37	7	17	12	100	28	43	29	31	10	4	36	13	38	3	33	28	15	4	14	179	11	15	26	13	17
ENSG00000058673	0	0	0	0	0	0	0	0	0	0	0	0	0	0	0	0	0	0	0	0	0	0	0	0	0	0	0	0	0
ENSG00000058729	4	5	5	6	5	6	5	6	4	6	5	3	4	3	5	6	8	2	5	5	6	3	4	4	5	5	6	7	6
ENSG00000058804	4	5	10	7	6	10	8	7	7	8	5	2	5	3	5	16	6	1	7	4	13	3	8	6	5	6	8	7	16
ENSG00000058866	0	2	0.6	1	3	0	0.9	0	2	2	0.6	3	0.5	0	0.7	0	0	0	2	0.5	0	0	0.7	0.7	0.5	0	0	0	0
ENSG00000059145	2	3	2	2	2	1	2	3	1	2	2	1	1	0	3	3	5	0.7	2	4	0.9	3	2	1	5	2	3	2	2
ENSG00000059377	1	3	12	5	6	3	3	1	2	2	7	0	1	1	6	3	0.8	0	4	2	4	1	3	2	14	3	0.5	0.7	3
ENSG00000059378	5	4	11	7	9	8	15	5	3	7	7	3	3	2	13	14	4	2	5	4	9	4	14	5	14	8	8	4	10
ENSG00000059573	11	12	19	21	11	44	72	16	15	21	26	5	14	7	10	19	15	16	21	23	45	80	60	21	10	35	13	33	27
ENSG00000059588	5	7	10	5	12	7	8	6	5	12	8	3	4	1	7	16	3	2	8	13	12	8	7	5	10	8	8	8	11
ENSG00000059691	2	2	1	2	1	2	1	1	2	2	1	4	3	2	0.9	2	2	0	2	1	2	1	1	2	1	0.9	2	1	2
ENSG00000059758	8	6	12	9	19	7	6	16	9	8	11	4	5	4	11	13	8	2	12	9	6	3	6	16	12	6	17	7	12
ENSG00000059804	16	12	41	50	168	4	3	18	6	3	39	2	2	12	18	17	5	2	20	10	7	1	3	29	14	4	4	5	11
ENSG00000059915	0	3	1	4	0	0.7	2	10	0	4	3	0	0	0	0	0	1	0.6	0	0.7	0.6	0	2	8	0	1	4	0	0
ENSG00000060138	25	17	27	20	27	13	8	22	45	24	21	42	8	2	18	11	17	10	19	21	15	17	9	27	15	10	87	11	12
ENSG00000060140	0	0	0.8	3	0	9	1	0	3	2	2	0	0	0	0.5	0	0	0	0.5	10	11	0.6	7	0	0	8	0	0	1
ENSG00000060237	26	12	21	19	20	12	7	18	30	18	15	24	42	8	21	22	17	4	17	14	13	6	9	18	18	13	33	14	24
ENSG00000060339	11	19	22	20	17	14	16	20	13	13	18	6	11	6	12	29	16	4	17	19	20	9	16	15	20	15	17	18	23
ENSG00000060491	5	6	12	5	12	5	11	4	3	6	5	2	5	3	12	12	9	3	7	9	3	9	11	4	23	7	7	5	5
ENSG00000060558	2	2	11	12	34	1	1	0.7	33	1	4	0.5	0	0.6	5	2	0	0	5	3	2	2	1	0.8	3	2	1	0	7
ENSG00000060566	0	0	0	0	0	0.5	161	0	0	0	0	0	1	63	0	0	0	0	0	0	0.5	0	183	0	0	2	0	0	0
ENSG00000060642	3	8	3	7	3	6	6	6	5	10	6	2	7	7	5	4	7	2	6	8	8	5	5	6	4	7	31	10	6
ENSG00000060656	3	2	1	9	0	1	0.6	6	2	9	4	2	2	1	10	0.6	8	2	13	7	0.8	5	0.6	2	2	2	5	2	0.9
ENSG00000060688	5	8	9	8	10	10	6	8	6	10	6	3	6	4	7	12	8	1	7	8	9	3	6	7	8	6	10	7	16
ENSG00000060709	0	7	0	0	0	0.6	1	1	0	4	0.5	0	0.6	0	0	0	0.7	0	0	0.5	0.8	0	0.8	1	0.5	2	2	0	0
ENSG00000060718	0	0	0	0	0	0	0	0	0	0	3	0	0	0	0	0	0	0	6	0	0	0.8	0	0	0	0	2	0	0
ENSG00000060749	4	4	5	5	2	4	3	8	6	7	5	3	4	3	3	5	11	2	4	4	4	7	3	5	5	4	9	7	5
ENSG00000060762	26	14	18	20	21	42	36	20	24	18	18	149	69	78	22	19	20	8	10	22	43	24	28	18	19	27	15	41	20
ENSG00000060971	7	7	7	8	7	9	20	4	7	6	8	8	32	32	7	8	5	3	5	12	11	5	16	4	8	6	4	7	8
ENSG00000060982	2	5	6	3	1	2	0.6	7	1	5	3	0.5	0.8	0	5	3	6	12	12	0.8	2	0.8	1	3	1	1	6	1	3
ENSG00000061273	13	10	14	12	9	3	5	13	6	15	13	6	5	0.8	17	18	13	2	14	9	5	5	4	13	19	7	5	9	13
ENSG00000061337	2	2	1	2	0	0.5	0	2	3	0.7	3	1	0.8	0	3	0.8	0.6	0	5	1	0	0	0.5	2	0	0.9	8	2	0
ENSG00000061676	10	11	6	13	0	12	13	14	19	12	12	10	14	4	10	3	10	3	9	13	11	6	12	17	5	12	9	18	6
ENSG00000061794	23	39	26	32	19	53	43	23	31	28	23	33	48	26	18	26	24	7	24	30	48	18	39	25	19	38	18	37	31
ENSG00000061918	9	7	15	12	1	7	5	15	4	14	12	9	10	3	13	9	3	2	30	11	7	1	6	17	10	5	2	6	6
ENSG00000061936	5	4	7	4	10	4	5	7	4	6	6	2	3	1	6	9	8	2	5	5	5	3	5	4	8	5	6	5	6
ENSG00000061938	3	3	6	3	14	2	2	2	3	5	2	3	1	0.7	4	8	3	1	4	6	1	5	2	2	10	3	5	2	2
ENSG00000061987	5	6	6	5	4	6	5	8	5	5	7	2	5	3	6	7	8	2	5	7	7	6	5	6	7	6	5	8	5
ENSG00000062038	0	0	2	3	0	0	0	7	6	7	1	0	2	0	0.9	1	14	0	4	7	0	2	0	3	6	0.7	1	0.5	8
ENSG00000062096	0	2	0	0	0	0	0	0	2	0	0	0	5	0.5	0	0	0	0	0	0	0	0	0	0	0	0	0	0	0
ENSG00000062194	15	24	20	19	22	16	14	27	16	27	20	9	15	10	19	27	34	5	19	18	17	13	16	17	21	19	42	25	24
ENSG00000062282	112	0.8	5	2	1	0.9	3	0	4	0.5	0.8	1	0.5	23	0.8	0.7	0	0	0	0	1	0.9	2	0.6	1	3	7	2	4
ENSG00000062485	46	29	24	21	32	34	30	23	28	24	17	64	20	5	18	22	17	5	14	19	40	17	26	26	18	18	11	17	40
ENSG00000062582	0	0	0	0	0.5	0	0	0	0	0	0	0	0	0	0	0	0	0	0	0	0	0	0	0	0	0	0	0	0
ENSG00000062598	7	9	9	9	15	6	4	10	10	11	7	6	7	2	10	11	8	4	8	12	6	6	5	12	11	6	16	10	11
ENSG00000062650	11	12	17	14	16	13	12	15	14	12	13	5	13	9	15	21	12	4	14	12	13	6	13	12	15	13	33	17	22
ENSG00000062716	19	23	60	38	12	33	33	33	34	11	66	5	16	17	18	29	12	8	25	42	52	6	49	20	37	44	10	29	21
ENSG00000062725	9	7	7	9	2	6	5	11	7	9	10	3	7	3	7	6	12	2	7	9	6	4	5	10	7	6	18	9	6
ENSG00000062822	2	1	5	2	11	2	3	2	1	2	1	0.6	1	0.5	2	6	2	0.6	4	2	1	2	4	1	6	2	5	2	3
ENSG00000063015	0	0	0	0	0	0	0	0	0	0	0	0	0	0	0	0	0	0	0	0	0	0	0	0	0	0	0	0	0
ENSG00000063046	56	60	47	67	55	52	57	89	47	97	63	37	59	36	42	81	215	27	52	48	53	55	48	53	63	58	28	86	98
ENSG00000063169	1	1	2	0.9	1	1	2	2	0.6	1	0.9	0.7	1	0	1	2	2	0	2	2	0.7	1	2	1	3	2	1	0.8	0.9
ENSG00000063176	1	1	2	1	0.6	2	6	1	0.6	1	0.9	0.6	5	0.7	1	2	2	0	1	3	1	1	4	0.8	2	2	4	2	0.7
ENSG00000063177	55	73	81	79	144	91	86	91	85	130	50	37	43	25	60	156	317	60	92	91	68	122	75	64	124	96	37	76	126
ENSG00000063180	1	7	3	2	0.9	2	3	19	3	13	4	2	5	0	4	4	31	1	0.8	6	2	2	3	10	4	3	4	5	4
ENSG00000063241	3	5	5	4	3	4	6	2	2	4	3	4	10	5	2	3	3	2	2	4	3	5	7	3	6	3	7	5	3
ENSG00000063244	21	26	46	27	49	28	34	30	23	38	24	15	19	10	29	50	39	8	32	30	21	19	32	27	48	32	35	24	43
ENSG00000063245	4	4	4	2	2	5	11	2	2	3	2	3	6	3	3	3	4	3	3	5	2	3	11	1	6	11	6	2	2
ENSG00000063322	13	19	14	16	10	12	12	17	11	29	17	9	18	8	17	17	29	6	15	19	11	12	12	15	18	14	12	28	14
ENSG00000063587	4	51	5	4	3	4	3	8	2	8	5	2	4	4	3	6	38	3	2	6	4	3	3	7	7	4	9	5	7
ENSG00000063601	4	4	10	9	6	5	5	5	11	7	5	3	5	2	7	17	5	2	9	7	6	5	5	4	11	7	6	6	17
ENSG00000063660	6	12	4	6	0	3	2	6	10	4	4	16	4	3	6	0.6	7	3	14	20	1	5	2	6	3	3	20	2	1
ENSG00000063761	1	2	1	2	2	2	2	1	1	2	2	2	2	0.6	2	2	1	0.8	2	2	2	1	2	2	2	2	2	2	2
ENSG00000063854	6	14	4	3	9	4	7	3	3	5	4	12	16	15	7	4	2	3	4	6	3	3	7	3	5	5	13	5	3
ENSG00000063978	6	8	12	11	12	9	9	9	8	11	9	5	8	3	9	16	10	3	8	7	8	6	7	9	12	8	13	10	16
ENSG00000064012	4	3	13	7	28	6	7	4	4	6	5	1	3	2	6	18	3	0.5	3	3	8	2	7	3	15	6	1	3	11
ENSG00000064042	15	16	3	12	0	3	2	4	5	8	9	26	13	2	58	1	14	1	4	28	3	20	3	4	47	4	4	17	1
ENSG00000064102	5	13	10	9	7	8	6	8	9	7	7	4	8	4	5	11	5	2	6	7	8	4	5	7	8	6	10	7	13
ENSG00000064115	13	26	14	22	20	22	15	15	19	24	20	6	69	18	22	15	16	15	14	20	25	14	17	16	16	21	16	18	19
ENSG00000064195	0	0	0	0	0	0	0	0	0.7	0	0	0	0	0	0	0	0	0	7	0	0	0	0	0	0	0	0.5	1	2
ENSG00000064199	0	0.8	0	1	0	1	0.6	1	0.6	11	1	0	2	0	1	0	0	0	0	0.6	1	0	0.5	0.7	0	0.9	16	3	0.7
ENSG00000064205	10	3	0	3	0	1	0	1	1	5	1	1	0	0	5	0	47	0	0.5	3	0.6	1	0.6	3	0	0	7	0	0
ENSG00000064218	0.7	0	0	0	0	0	0	0	0	0	0	0	0	0	0	2	0	0	0	0	0	0	0	0	0	0	4	5	0
ENSG00000064225	4	4	2	1	2	0.8	1	1	0.7	4	2	8	5	9	4	0.9	0.7	0.5	5	2	2	8	1	0.9	2	2	0.9	2	1
ENSG00000064270	0	0	0.8	2	3	10	10	0.5	2	3	2	0	0.7	0	6	0	0	0	0.8	5	17	0.5	8	0	0	3	0	4	0
ENSG00000064300	4	10	7	2	0	2	2	2	1	4	5	5	2	4	0	4	0	0.7	10	6	2	7	2	4	15	0.6	5	1	3
ENSG00000064309	2	0.5	1	1	0	0.5	0.8	6	1	5	4	0.9	0.6	0	2	0.8	15	0	0.9	0.9	0.6	0.5	0.8	9	0.5	0	3	14	0.9
ENSG00000064313	5	9	9	7	7	6	6	11	7	8	7	3	7	4	6	11	7	2	7	7	7	3	6	7	8	6	11	8	10
ENSG00000064419	11	13	19	17	22	15	13	16	19	16	13	8	14	8	14	21	17	4	12	14	17	10	14	17	16	15	27	21	27
ENSG00000064490	7	5	10	9	12	7	8	10	9	18	6	5	6	2	9	13	10	3	10	7	5	9	7	6	12	8	4	13	13
ENSG00000064545	4	5	4	3	3	3	5	5	3	5	3	3	4	2	4	5	5	2	3	6	2	5	4	3	5	3	3	6	2
ENSG00000064547	1	0.5	7	4	15	2	4	2	3	4	6	0	1	0	4	7	2	3	2	7	3	3	4	0.8	10	16	18	3	5
ENSG00000064601	18	45	24	24	20	30	24	13	16	13	30	14	31	7	20	16	17	4	26	9	44	8	22	18	21	16	11	11	17
ENSG00000064607	8	17	22	13	30	10	14	22	9	17	14	10	9	3	15	29	15	3	12	24	16	12	14	17	24	14	65	21	19
ENSG00000064651	5	13	7	5	2	41	26	5	3	4	32	2	5	2	8	4	3	1	3	18	39	36	31	7	3	47	8	6	4
ENSG00000064652	2	4	3	4	0.7	5	6	3	9	4	5	2	6	2	8	2	3	1	10	3	5	3	6	4	3	6	5	6	2
ENSG00000064655	5	1	1	4	0	3	0	9	11	25	1	0.5	3	0	0.6	0.5	0	0	3	11	2	12	0	1	0	6	3	6	4
ENSG00000064666	23	8	69	50	69	12	12	32	29	22	43	11	12	9	55	92	61	7	22	28	15	24	12	28	67	23	6	34	81
ENSG00000064687	1	2	7	2	14	2	3	0.8	1	1	3	0	1	0	3	11	0	1	2	2	1	3	3	0	15	3	1	2	3
ENSG00000064692	1	0.6	2	4	0	0.9	0.5	11	0.8	2	2	0.5	0	0	0.7	1	19	0	1	1	0.8	0	1	5	3	0.6	4	0	0.8
ENSG00000064703	3	3	5	4	7	4	3	6	3	5	4	2	3	1	4	6	5	1	4	3	4	2	3	4	5	3	56	4	7
ENSG00000064726	20	21	22	27	22	28	23	20	22	27	26	49	21	11	18	28	18	4	15	22	28	10	22	19	19	18	49	30	28
ENSG00000064763	3	3	4	4	4	15	7	3	3	1	2	1	1	0.5	4	2	0.9	0	7	0.9	15	0.5	9	4	5	2	3	1	1
ENSG00000064787	0	0	1	18	0	18	7	0	2	0.6	4	0	0	0	0.5	0	0	0	0	11	27	0.6	12	0.7	0	53	1	0	2
ENSG00000064835	0	0	0	0	0	0	0	0	0	0	0	0	0	0	0	0	0	0	0	0	0	0	0	0	0	0	0	0	0
ENSG00000064886	1	0	32	19	0.5	0.6	0	0	0	0.5	3	0	0	0	8	24	0	0	4	0.9	1	35	0.8	0	8	0.6	1	3	46
ENSG00000064933	4	5	6	5	3	4	3	8	4	6	4	2	3	2	4	7	6	1	4	6	5	3	4	6	6	4	16	5	5
ENSG00000064961	8	7	8	7	11	10	11	12	7	9	7	3	12	3	9	9	8	3	13	27	5	12	13	5	12	11	10	7	5
ENSG00000064989	50	5	9	15	0	5	5	19	7	11	18	11	8	4	70	6	13	1	7	6	7	2	5	16	6	6	2	25	5
ENSG00000064995	10	12	16	11	27	13	12	16	11	14	14	8	7	7	14	20	16	4	16	12	16	8	13	16	17	12	23	14	19
ENSG00000064999	9	10	6	11	3	7	7	5	11	17	9	7	7	2	13	6	11	2	22	7	6	4	7	7	14	6	16	9	4
ENSG00000065000	11	15	18	14	10	13	15	13	13	15	12	10	18	6	15	15	15	9	16	16	9	14	16	10	20	16	30	18	10
ENSG00000065029	4	9	7	6	4	4	6	8	4	8	6	6	5	2	7	9	9	2	7	8	6	6	5	6	11	5	11	13	7
ENSG00000065054	32	9	6	7	0	8	7	15	3	13	8	25	18	20	43	3	7	2	19	20	3	31	8	5	32	21	7	11	1
ENSG00000065057	2	2	2	2	1	3	2	2	1	5	1	2	2	2	4	3	4	0.7	2	2	2	4	3	2	6	2	2	2	2
ENSG00000065060	4	4	5	4	10	3	3	3	3	3	3	4	4	2	4	5	3	2	5	4	4	4	3	4	4	3	14	5	5
ENSG00000065135	4	3	6	5	7	5	4	5	8	4	5	0.9	3	2	3	5	3	1	5	4	4	2	4	5	4	3	4	3	6
ENSG00000065150	24	15	20	21	15	18	11	26	19	24	16	18	18	9	15	20	35	9	16	17	20	11	11	22	15	13	88	27	26
ENSG00000065154	30	72	29	38	45	41	418	56	58	33	48	19	46	17	26	21	45	7	35	44	40	88	445	52	20	37	39	39	43
ENSG00000065183	3	5	6	4	1	4	3	4	4	5	3	2	3	2	3	5	4	1	3	4	4	2	3	4	4	4	8	4	7
ENSG00000065243	13	14	12	18	13	16	22	22	17	14	15	7	11	6	15	11	24	3	16	16	18	8	21	14	13	12	9	17	9
ENSG00000065268	5	7	7	3	5	6	6	4	3	5	3	3	9	3	6	6	4	2	7	8	2	5	6	2	8	4	6	5	4
ENSG00000065308	9	4	16	17	4	13	13	12	4	10	20	5	5	4	11	9	13	2	36	5	15	3	11	17	15	10	16	13	12
ENSG00000065320	3	0	3	3	0	5	5	6	15	9	6	14	1	0.8	2	0	0	0.5	0.7	2	3	5	6	2	0	4	2	0.5	2
ENSG00000065357	1	2	17	7	8	6	17	3	12	2	5	0.7	0.7	0	3	31	2	1	4	5	8	5	14	5	15	5	3	1	26
ENSG00000065361	0.7	1	3	15	0	38	43	4	17	8	22	0.9	17	7	17	0	0.5	5	7	20	36	24	41	2	0	31	1	2	7
ENSG00000065413	2	3	15	5	5	3	2	3	1	2	5	1	2	1	7	20	2	0	3	2	3	1	3	3	13	2	1	2	14
ENSG00000065427	24	23	37	36	33	32	28	29	29	37	25	24	22	12	24	40	37	11	28	25	40	25	29	30	29	24	53	32	58
ENSG00000065457	4	5	8	6	4	6	4	7	4	6	7	2	6	2	5	9	4	1	5	5	7	2	4	6	9	5	9	9	7
ENSG00000065485	3	9	7	8	6	9	6	5	2	7	10	2	5	16	8	5	6	3	20	19	11	4	5	8	4	15	9	14	6
ENSG00000065491	3	8	4	6	12	5	7	5	8	10	6	3	5	1	5	5	6	3	5	4	7	7	7	5	5	4	11	7	7
ENSG00000065518	19	63	23	20	20	26	29	23	21	25	19	54	25	14	20	22	22	8	20	29	29	21	28	21	24	23	25	21	24
ENSG00000065526	8	6	12	9	17	9	7	13	8	15	9	5	8	3	10	14	22	5	10	8	8	7	8	8	13	8	13	13	11
ENSG00000065534	17	10	28	61	0.5	18	14	77	52	40	36	3	11	8	14	7	17	0.9	9	105	19	12	20	245	16	6	9	3	3
ENSG00000065548	24	33	33	30	64	29	29	27	25	21	29	14	29	20	19	34	21	9	28	26	29	21	29	22	24	23	30	33	34
ENSG00000065559	6	10	9	9	2	8	6	9	12	9	9	6	8	6	7	7	8	2	9	9	9	3	7	8	7	7	8	12	9
ENSG00000065600	1	2	5	4	4	2	2	3	2	1	2	0.9	7	0.6	3	6	1	0.6	4	3	2	1	2	3	4	1	6	1	4
ENSG00000065609	0	5	0.6	0	0	0	0	0	0	0	0.5	0	0	0	0	1	0.7	0	0	1	0	0	0	0	0	0.5	9	0	0.9
ENSG00000065613	18	17	17	24	18	22	12	24	64	12	23	13	21	10	26	13	24	5	23	18	19	9	14	21	14	18	19	23	17
ENSG00000065615	2	2	9	5	6	5	3	3	3	2	3	2	2	1	3	6	2	0.5	2	2	4	0.9	3	3	5	3	7	2	7
ENSG00000065618	0	0	4	7	8	24	7	0	25	0.8	0	0	0	0	0	0	0	0	12	9	19	10	18	0.6	0	17	3	5	10
ENSG00000065665	2	3	3	2	4	2	2	4	2	2	2	4	2	2	2	4	3	0.5	2	4	3	1	2	3	3	2	15	3	2
ENSG00000065675	0	0.6	6	3	4	1	1	3	0.7	4	2	0	4	0	6	13	1	0.7	0	0.6	2	0	2	0.7	5	1	1	14	8
ENSG00000065717	12	8	3	7	0	5	6	7	3	10	5	8	4	0.8	13	2	4	4	6	15	3	29	4	6	12	6	7	15	0.7
ENSG00000065802	5	5	6	4	2	4	4	8	5	7	5	9	5	1	6	7	10	1	3	6	4	3	4	7	6	4	7	6	7
ENSG00000065809	16	20	34	19	40	16	13	20	9	11	29	2	35	26	26	53	3	8	9	11	16	16	17	11	17	43	18	4	55
ENSG00000065833	21	40	6	9	0	8	20	5	29	5	13	10	3	4	7	3	10	0.7	2	8	10	2	8	8	7	25	18	7	3
ENSG00000065882	8	4	13	17	11	8	9	43	7	21	17	12	23	3	9	15	7	3	14	9	7	5	9	30	15	5	19	17	13
ENSG00000065883	2	3	3	3	2	3	2	3	3	4	3	1	2	2	3	4	5	0.7	2	3	3	2	2	3	4	3	4	4	4
ENSG00000065911	14	4	21	10	10	13	8	6	10	7	9	4	2	1	4	18	3	10	8	6	13	4	5	10	7	13	9	3	23
ENSG00000065923	0	5	3	2	2	0.8	1	0.9	1	3	2	0.6	2	1	1	7	5	1	1	5	1	4	0.8	0.7	4	6	1	5	6
ENSG00000065970	7	6	7	7	9	5	5	16	6	10	8	7	5	2	8	7	14	2	8	9	7	5	5	14	10	6	6	7	7
ENSG00000065978	208	104	234	142	288	224	146	127	136	109	103	191	111	70	141	210	110	35	125	108	195	69	154	159	188	141	604	100	195
ENSG00000065989	3	2	4	4	3	3	1	2	2	5	5	2	2	0.6	7	2	0	2	4	3	3	4	2	4	4	5	8	5	2
ENSG00000066027	46	11	18	26	43	26	20	18	36	17	23	24	19	15	50	24	12	8	24	18	29	20	25	16	39	30	13	28	25
ENSG00000066032	0	2	0	0	0	0.5	0	2	0	1	0	0	0	0	0	0	0	0	0	0	0	0	0	0	0	0	8	0	0
ENSG00000066044	7	10	12	10	7	10	8	12	8	14	8	7	8	5	9	14	12	3	10	11	9	7	8	10	12	8	19	9	15
ENSG00000066056	14	3	5	7	0	2	2	7	3	7	9	6	4	2	17	6	2	0.5	31	3	2	1	3	9	13	2	2	5	2
ENSG00000066084	5	8	8	7	8	9	5	7	11	5	7	3	5	4	6	9	9	2	8	6	10	4	5	5	14	7	8	6	10
ENSG00000066117	11	11	14	12	15	8	11	16	9	14	10	5	9	3	12	19	13	3	13	9	14	8	12	16	15	8	16	13	26
ENSG00000066135	3	5	4	6	3	6	8	5	4	9	5	2	4	3	5	5	7	1	4	5	7	3	6	6	5	4	3	7	8
ENSG00000066136	6	7	10	8	6	7	9	10	6	10	7	10	8	4	8	11	12	3	10	9	8	9	8	8	12	8	8	10	11
ENSG00000066185	0.7	2	0	1	0	0.9	0.5	1	0	10	1	1	4	1	2	0	2	0.6	0	2	0.9	0.5	0.6	0.7	0.7	1	28	4	0
ENSG00000066248	0	11	0.8	0	0	6	20	2	2	2	1	0	4	3	0	0	0	0.5	0	0	4	0	16	2	0	3	1	0	0
ENSG00000066279	0	0	4	1	9	2	2	0	2	0	0	0	0	0.6	0	5	0	0	2	0	2	0	2	0	0.7	1	4	0	6
ENSG00000066294	1	2	17	6	5	3	2	2	2	1	6	0.6	0.7	2	5	20	1	0.5	5	0.9	4	0.9	3	2	15	3	2	1	11
ENSG00000066322	23	16	31	32	29	35	31	16	58	25	29	11	21	8	40	23	14	6	30	33	34	18	28	33	25	41	10	34	39
ENSG00000066336	8	7	60	13	120	5	9	3	3	4	10	2	2	5	33	29	0.9	1	15	3	5	3	10	3	61	11	2	2	18
ENSG00000066382	0.7	2	0	2	0	0	0	3	0	4	0.5	0.5	3	0	0	0	0	0	0.5	4	0	2	0	1	0.8	0	0.8	8	0
ENSG00000066405	0	0	0	0	0	0	1	0	0	0	4	0	0	0	278	0	0	0	0	0	0	0	0.5	0	0	695	1	0	0.6
ENSG00000066422	4	5	8	7	16	5	6	9	6	6	7	3	5	4	6	10	8	2	5	6	5	4	5	5	9	5	9	7	9
ENSG00000066427	3	3	3	4	4	3	2	5	3	3	3	1	3	2	4	4	4	0.6	3	4	3	2	2	4	4	3	4	3	3
ENSG00000066455	16	18	19	22	6	23	19	18	19	20	24	10	15	18	19	15	16	7	23	26	26	17	18	21	15	24	30	29	19
ENSG00000066468	1	8	4	7	0	10	4	27	9	14	13	0	9	6	12	1	9	4	7	9	8	15	5	13	0	8	4	21	4
ENSG00000066557	9	9	12	11	12	9	14	12	10	7	10	7	10	9	8	12	8	2	10	9	10	4	12	10	9	7	12	8	13
ENSG00000066583	26	26	13	20	8	20	29	67	18	25	17	33	23	43	13	13	13	6	14	21	21	17	26	57	9	17	12	12	15
ENSG00000066629	5	3	3	9	0	3	3	9	8	7	8	4	3	1	6	2	2	1	8	4	5	1	3	12	2	3	4	6	2
ENSG00000066651	2	4	4	2	1	3	6	7	3	4	4	2	3	3	4	5	5	0.7	3	5	4	2	5	4	3	4	5	4	4
ENSG00000066654	9	11	11	12	11	12	9	22	11	19	13	5	12	4	11	15	15	4	10	24	12	9	8	17	13	11	14	14	13
ENSG00000066739	4	5	5	4	5	4	4	7	4	5	5	3	5	3	5	5	6	3	3	5	5	2	5	5	5	4	11	6	5
ENSG00000066777	6	8	11	15	13	13	10	8	11	9	10	4	14	4	9	10	7	3	9	9	12	6	11	7	9	13	23	15	11
ENSG00000066813	0	0	0	0	0	0	0	0	0	0	0	0	68	27	0	0	0	0	0	0	0	0	0	0	0	0	0	0	0
ENSG00000066827	1	0.7	2	1	1	1	0.9	1	1	1	1	0.7	4	0	1	4	1	0	18	1	1	1	0.9	1	2	0.9	3	1	2
ENSG00000066855	5	9	6	5	3	8	7	6	6	4	5	3	17	9	4	5	4	2	5	5	7	4	8	5	4	7	12	9	5
ENSG00000066923	0	0.7	1	0	1	0	0.5	2	0	2	0.7	0	0	0	0.5	2	2	0.5	0	0.6	0.5	0.5	0.6	0	2	0.5	24	0	3
ENSG00000066926	6	9	6	8	49	7	5	8	8	8	6	9	18	7	6	5	6	1	9	11	7	5	5	7	6	5	5	10	6
ENSG00000066933	3	2	3	3	1	3	1	6	4	3	3	2	6	0.8	4	3	6	0	3	3	3	1	1	3	3	2	14	6	3
ENSG00000067048	0	0	0	21	56	12	10	0	20	0	24	0	0	11	0	0	0	3	11	28	17	0	20	0	16	16	43	0	27
ENSG00000067057	9	4	17	19	5	13	17	14	22	10	12	29	10	0.5	7	12	2	2	7	19	10	7	23	19	10	13	65	17	8
ENSG00000067064	17	45	28	12	47	20	38	13	20	8	17	9	14	24	24	26	7	6	12	29	16	7	17	12	17	18	18	13	24
ENSG00000067066	7	7	14	11	16	6	8	7	5	7	10	4	5	4	10	18	7	2	8	6	6	7	8	6	16	7	1	6	14
ENSG00000067113	61	32	25	71	0	28	23	41	19	26	83	25	30	11	15	14	8	5	17	125	33	7	23	43	13	14	12	38	12
ENSG00000067141	5	5	6	8	0.8	31	18	16	8	19	16	3	15	3	12	3	18	4	1	21	37	8	17	17	4	17	13	11	4
ENSG00000067167	59	70	90	132	55	65	70	89	49	75	118	29	68	71	110	78	60	40	102	67	62	120	72	78	71	73	57	143	92
ENSG00000067177	2	10	0.8	2	0	2	0.8	2	4	4	4	4	2	1	2	0.9	7	1	1	6	3	4	0.7	3	3	3	3	6	1
ENSG00000067182	36	35	41	35	18	27	45	27	27	29	42	10	15	24	35	17	18	7	38	20	25	13	47	38	33	23	10	18	14
ENSG00000067191	0.8	1	1	0.8	0.5	1	0.7	2	0.6	1	0.9	0.6	0	0	3	1	2	0	0.9	2	1	0.7	0.7	1	1	1	3	1	0.7
ENSG00000067208	4	6	4	4	1	4	4	5	3	5	5	3	4	6	5	3	3	1	7	4	4	2	3	4	4	5	7	6	2
ENSG00000067221	2	2	1	1	0.6	0.7	1	1	1	1	1	1	0.7	0	2	1	1	0.5	1	2	0.5	1	1	0.8	1	1	2	2	0.5
ENSG00000067225	23	84	104	108	91	53	46	34	101	76	58	94	58	5	59	84	42	8	52	63	57	35	46	67	51	47	59	43	123
ENSG00000067248	11	11	12	13	12	11	9	13	15	11	13	7	15	6	11	11	9	4	11	16	12	8	9	12	10	11	12	17	11
ENSG00000067334	8	8	10	9	25	9	6	9	10	9	9	5	8	5	8	11	9	2	8	7	8	4	6	8	9	7	10	9	12
ENSG00000067369	3	6	5	6	4	4	2	9	3	9	5	3	4	0.9	4	5	8	1	4	6	5	3	2	8	4	4	11	9	5
ENSG00000067445	3	3	2	3	0	0.7	0.7	12	1	5	5	1	2	1	2	1	17	2	3	4	1	1	1	7	1	0.6	3	4	1
ENSG00000067533	4	3	4	3	3	4	2	5	3	3	3	3	3	2	3	4	4	0.6	3	3	3	1	2	3	3	2	3	4	4
ENSG00000067560	252	217	263	246	202	216	170	186	233	207	212	101	140	73	286	246	198	43	234	164	252	91	190	219	237	196	129	208	296
ENSG00000067596	4	4	7	7	13	6	6	7	6	7	6	3	4	2	6	8	5	2	6	4	7	3	5	7	7	5	9	6	10
ENSG00000067606	0	3	1	1	0	2	7	0.6	3	3	1	1	4	1	8	2	0	0.9	10	2	2	2	6	0	2	2	9	4	2
ENSG00000067646	0	0	0	4	5	4	2	0	6	0	4	0	0	3	0	0	0	0.7	2	5	5	0	3	0	3	3	6	0	5
ENSG00000067704	46	41	31	38	11	45	35	31	41	40	30	32	44	28	26	33	34	8	32	32	46	22	35	31	25	31	29	36	39
ENSG00000067715	0	15	2	0	0	2	1	8	0	0	1	0	1	0.7	0.5	0	3	0	2	3	2	0	2	20	2	0.8	0.5	0	0
ENSG00000067798	2	3	0	1	0	0.5	0	1	0.7	0.9	3	0.6	0	0	0.6	0	8	0	1	0.7	0	0	0	1	3	0	1	0	0
ENSG00000067829	12	15	16	12	22	15	20	14	12	17	14	15	17	4	14	15	16	5	14	14	15	13	18	13	19	13	11	13	15
ENSG00000067836	0.9	5	2	2	11	3	6	2	4	4	3	5	2	1	3	2	2	1	2	5	3	3	4	3	4	4	2	2	2
ENSG00000067840	2	4	2	1	0	1	1	4	2	9	1	1	0.7	0	3	2	0	0.5	0	5	1	2	2	3	7	1	4	0.7	0.6
ENSG00000067842	0	5	0	0	0	0	0	0	0	1	0	0	0	0	0	0	0	0	0	0	0	0	0	0	0	0	0	0	0
ENSG00000067900	13	10	15	14	20	10	7	12	12	8	12	6	8	6	11	15	10	2	10	10	9	3	9	12	14	9	7	8	13
ENSG00000067955	10	10	26	18	14	10	7	16	12	14	19	7	8	8	14	38	13	3	12	10	11	8	8	11	18	15	7	14	35
ENSG00000067992	1	1	4	3	3	4	4	2	2	2	3	3	4	1	3	4	3	0.7	2	2	4	3	5	3	4	2	7	1	6
ENSG00000068001	17	12	8	12	0.6	4	4	11	8	13	17	7	7	1	22	10	5	2	18	6	3	4	5	10	57	5	6	13	4
ENSG00000068024	2	3	3	3	5	2	2	3	3	3	4	1	1	0	2	2	3	0.7	0.9	3	2	1	2	3	2	1	4	3	2
ENSG00000068028	10	6	13	10	27	6	7	10	7	7	11	5	4	3	15	20	6	5	12	8	6	8	8	7	23	7	12	5	11
ENSG00000068078	0	0	1	14	0.8	4	15	0.8	26	1	10	1	14	4	8	0	0	14	9	6	4	0.8	12	0	3	7	21	0.6	10
ENSG00000068079	12	16	21	14	11	13	15	10	5	16	15	4	7	4	18	16	13	2	11	10	13	9	18	12	23	14	3	9	14
ENSG00000068097	3	4	5	5	4	3	3	7	3	6	5	3	3	0.9	4	5	8	0.9	4	5	5	3	3	6	6	4	6	4	4
ENSG00000068120	11	18	16	12	13	14	23	10	14	19	12	6	17	6	13	16	11	8	17	16	15	22	18	10	18	17	18	18	16
ENSG00000068137	3	3	1	3	2	2	3	5	4	4	2	2	3	0.6	5	1	7	11	4	9	1	3	2	2	3	6	5	2	1
ENSG00000068305	14	15	15	16	7	10	8	26	12	14	18	38	13	8	22	17	21	3	12	14	11	8	9	23	19	11	10	13	14
ENSG00000068308	13	19	21	18	26	13	19	20	13	22	15	8	15	8	19	26	23	6	17	20	13	14	20	15	28	16	14	19	23
ENSG00000068323	31	23	21	16	15	10	11	21	12	18	18	7	11	6	21	12	22	4	20	15	11	8	11	24	24	10	9	16	12
ENSG00000068354	4	4	4	5	5	3	3	5	4	5	4	5	3	1	5	5	6	2	4	4	3	3	3	6	7	3	7	4	4
ENSG00000068366	23	32	33	27	7	9	11	18	12	12	29	14	33	5	33	18	11	3	16	11	10	4	10	14	17	18	22	13	14
ENSG00000068383	12	12	9	19	4	10	11	21	15	17	11	30	7	3	14	5	13	3	19	18	9	5	12	26	8	9	19	9	5
ENSG00000068394	11	11	10	10	10	11	11	11	10	16	10	9	10	6	11	12	11	3	12	12	11	6	11	11	13	10	8	11	12
ENSG00000068400	8	11	16	9	17	7	10	10	7	9	8	5	6	4	11	16	8	2	8	10	8	5	10	8	17	10	12	9	11
ENSG00000068438	8	12	14	11	11	6	6	11	10	10	7	5	5	2	10	14	10	4	7	9	7	8	6	10	12	10	10	13	12
ENSG00000068489	0.9	0	5	2	8	3	3	0.9	2	1	1	0	0	0	0.8	5	0.7	0	3	0.5	3	0	3	1	2	2	1	0.6	9
ENSG00000068615	1	4	2	5	0	2	2	5	5	8	4	5	1	0	3	0	0.5	2	0.7	5	2	0	2	17	1	2	32	0.5	0
ENSG00000068650	4	6	7	4	11	2	5	7	3	6	9	8	8	2	26	4	3	2	6	3	2	4	5	5	6	4	8	8	4
ENSG00000068654	3	3	5	3	3	4	3	6	4	5	2	3	4	1	3	4	4	1	3	4	4	2	2	6	3	3	6	4	4
ENSG00000068697	203	296	136	241	88	190	128	370	169	265	275	122	250	128	231	91	303	52	259	218	135	129	144	257	132	158	312	231	117
ENSG00000068724	6	13	10	7	15	5	11	3	8	7	6	2	4	1	13	14	4	2	6	4	6	8	12	4	12	7	27	10	15
ENSG00000068784	4	4	7	5	3	6	4	6	3	5	6	3	4	3	5	6	4	2	5	6	6	3	4	4	6	6	8	8	6
ENSG00000068796	6	6	16	13	5	9	7	8	8	12	10	2	5	2	7	24	8	2	10	6	9	3	9	7	11	6	34	8	18
ENSG00000068831	4	2	16	5	34	2	2	4	2	2	4	2	1	0.5	6	30	0.7	0	5	4	2	0.8	3	5	37	2	2	0.8	16
ENSG00000068878	6	8	11	12	20	8	6	15	9	7	14	8	6	10	7	12	6	2	7	10	9	9	5	14	10	11	36	12	14
ENSG00000068885	2	4	3	3	1	2	2	5	2	5	4	2	3	0.7	5	5	4	0.6	2	3	3	1	2	3	3	3	6	5	3
ENSG00000068912	27	49	31	51	21	43	31	38	24	36	43	23	26	17	39	25	34	17	44	59	41	33	30	31	28	53	42	65	34
ENSG00000068971	6	8	7	7	8	6	5	8	5	6	12	7	7	2	10	7	5	3	7	7	7	4	6	10	13	5	4	7	7
ENSG00000068976	7	2	0.9	6	0.7	1	0.9	4	10	4	2	13	0.8	0	0.7	1	0.8	0	0.8	6	1	0.6	1	6	1	0	4	1	0.6
ENSG00000068985	0	0	0	0	0	0	0	0	0	0	0	0	0	0	0	0	0	0	0	0	0	0	0	0	0	0	11	0	0
ENSG00000069011	0	0	3	6	0	2	5	0	37	0	0	0	0	0	0	0	0	0	1	3	1	22	3	0	0	6	0	0	5
ENSG00000069020	6	5	2	6	0.5	2	2	5	10	5	4	5	6	2	5	3	9	0.6	4	4	2	4	2	5	3	3	3	3	4
ENSG00000069122	54	21	5	13	0	5	5	16	6	9	17	19	48	4	102	9	4	2	31	6	5	2	5	20	38	7	3	24	3
ENSG00000069188	0	0.5	0.8	0	0	0	0	1	0.5	2	0.5	0	0	0	0.6	0.9	0	0	0	2	0	0	0	0	3	0	10	0.7	0.7
ENSG00000069248	9	10	11	11	9	10	7	15	10	14	9	8	9	4	10	14	14	2	12	10	11	6	7	11	10	10	13	12	14
ENSG00000069275	58	58	47	52	26	50	27	95	55	82	57	61	55	53	55	55	110	12	47	75	50	30	29	77	58	46	29	97	65
ENSG00000069329	12	13	18	22	7	18	21	16	18	21	16	12	15	5	14	13	16	4	15	17	17	8	28	15	14	20	20	15	18
ENSG00000069345	18	23	16	18	17	16	16	20	19	18	18	21	19	16	15	19	18	4	16	19	15	10	15	16	19	14	26	20	21
ENSG00000069399	10	6	16	7	25	10	19	3	5	2	10	1	3	13	14	6	0.9	2	5	6	5	4	16	3	9	6	2	1	6
ENSG00000069424	2	2	11	4	26	1	2	2	1	3	4	2	7	0.5	7	16	1	0	2	1	2	0.9	2	1	17	3	2	1	8
ENSG00000069431	17	4	2	4	0	1	2	12	2	5	10	9	3	13	5	2	6	0.5	2	4	0.7	0.6	1	13	2	1	0.6	2	0.8
ENSG00000069482	0.5	0	6	0	0	1	0	0	0	0	0	0	0	0	0	0	0	0	0	0	1	0	0.8	0	0	0	0	0	0
ENSG00000069509	7	14	8	10	5	9	7	9	6	10	9	14	12	3	6	11	12	2	7	13	9	20	5	7	8	12	11	11	10
ENSG00000069535	55	42	6	21	0	10	58	87	20	98	15	51	88	103	25	5	128	3	12	57	11	48	62	93	2	25	9	2	5
ENSG00000069702	38	26	8	16	1	9	6	28	22	18	16	5	19	5	15	6	60	2	36	10	9	17	7	22	27	4	9	6	2
ENSG00000069849	39	119	68	46	22	76	66	41	51	19	28	10	34	6	39	25	12	5	56	35	104	10	64	43	19	13	41	19	36
ENSG00000069869	3	3	4	5	3	3	3	6	3	3	4	2	4	8	4	2	3	0	9	4	3	0.8	6	5	3	1	2	4	2
ENSG00000069943	2	2	3	4	4	3	3	3	2	4	3	0.8	3	1	3	4	2	0.7	2	3	3	1	2	2	3	3	4	6	3
ENSG00000069966	1	2	2	3	0.6	0.9	0.8	5	2	5	3	1	5	1	1	4	7	0.8	1	3	0.9	0.6	1	3	2	1	3	3	4
ENSG00000069974	4	12	19	12	20	16	11	7	7	4	9	1	3	7	19	18	4	3	6	31	20	2	14	7	11	34	4	10	16
ENSG00000069998	4	7	5	5	4	6	9	5	4	6	5	6	5	3	4	6	5	2	4	6	5	4	5	4	6	5	6	3	5
ENSG00000070010	4	4	6	5	13	4	5	6	4	4	5	3	3	3	4	7	4	2	5	5	6	3	5	5	5	4	6	5	8
ENSG00000070019	0	0	3	0.8	0	43	57	0	1	0	0.6	0.9	0.6	0	0	0	0	0.5	0	0	39	0	55	0.8	0	0.9	0	0	0.6
ENSG00000070061	9	39	12	10	8	8	7	19	9	16	11	9	10	6	11	13	23	3	9	12	12	8	8	14	12	10	14	16	12
ENSG00000070081	6	11	10	10	52	8	7	9	15	15	9	7	5	8	7	8	8	25	14	11	8	47	6	11	6	15	18	23	10
ENSG00000070087	11	19	8	24	0	13	10	31	12	52	18	13	38	7	8	3	28	5	10	33	12	15	13	27	7	10	14	43	4
ENSG00000070159	2	2	1	3	0	6	8	2	7	8	2	8	14	7	4	0.6	0	3	6	5	7	4	9	1	0	7	3	7	3
ENSG00000070182	0.7	0.7	0	0	15	0	0	0	0	0	0	6	0.8	0	0	0	0	0	3	0	0	0	0	0	0.5	0	0.6	0	0
ENSG00000070190	0	0.5	21	12	9	3	2	4	15	4	6	0	0	0.6	5	27	0	0	4	1	3	2	2	4	16	6	0	0	27
ENSG00000070214	8	8	7	15	5	35	13	11	10	11	12	3	9	6	10	7	10	3	13	8	29	3	16	11	6	20	2	26	8
ENSG00000070269	2	3	3	4	1	4	3	5	2	5	4	1	3	1	3	4	6	0.8	3	4	4	2	4	2	4	3	4	5	3
ENSG00000070366	3	3	3	4	3	2	2	6	4	6	4	2	3	0.9	4	3	8	0.8	3	4	3	2	3	5	3	3	7	4	3
ENSG00000070367	8	7	9	9	4	7	5	8	9	7	8	5	7	4	8	9	6	2	8	7	7	4	5	9	9	5	20	9	9
ENSG00000070371	1	2	0.6	0.8	7	0.5	0	0.9	1	0.8	1	2	0.7	0	0.9	0	1	0	0.8	1	0.7	0.6	0	0.9	0.9	0	22	2	0.5
ENSG00000070404	14	31	15	10	5	6	4	7	5	7	10	19	5	3	23	2	7	4	92	12	3	3	5	13	5	3	34	3	1
ENSG00000070413	13	16	12	17	5	20	18	19	19	23	14	11	18	4	23	14	26	11	16	23	10	17	20	12	19	19	20	23	9
ENSG00000070423	3	4	8	2	8	5	8	2	2	2	2	2	4	2	4	5	3	2	5	5	2	4	7	1	11	5	12	1	2
ENSG00000070444	3	3	3	3	6	2	2	3	2	2	3	0.9	1	0.5	3	2	3	0.8	3	3	2	1	2	2	4	2	5	2	2
ENSG00000070476	3	4	5	4	17	4	4	6	4	6	4	2	4	2	5	6	7	2	4	4	4	3	4	4	7	3	5	5	4
ENSG00000070495	4	8	7	5	27	4	5	5	4	4	6	7	3	2	4	5	6	2	4	5	3	3	4	5	6	3	7	4	4
ENSG00000070501	2	4	4	6	10	3	3	4	4	3	4	4	3	3	3	4	4	1	3	6	3	4	3	2	4	3	15	3	5
ENSG00000070526	0.8	0	9	3	1	68	47	3	17	3	18	0.8	0	0	3	0.6	0.8	0	0.9	7	151	1	57	3	11	50	3	0	1
ENSG00000070540	8	5	7	9	9	13	5	7	5	4	11	18	10	3	7	4	4	3	21	7	16	11	5	8	5	6	5	10	8
ENSG00000070601	0	0	0	0	0	0	0	0	0	0	0	0	0	0	0	0.5	0	0	0	0	0	1	0	0	0	0	7	0	0.6
ENSG00000070610	14	18	18	18	8	26	42	22	14	20	21	22	22	4	22	19	14	6	19	19	40	17	46	20	21	27	17	25	19
ENSG00000070614	20	11	11	13	3	10	9	10	24	14	15	14	12	2	34	6	17	9	10	11	8	20	12	16	37	7	17	21	8
ENSG00000070669	0	0	0	0	0	0	0	0.5	0	0	0	0	0	0	0	0.5	0	0.8	0	0	0	0	0	0	0.6	0.5	0.6	0	0
ENSG00000070718	3	6	4	5	4	2	3	5	3	8	5	4	5	1	5	6	5	0.7	8	4	4	2	3	5	5	3	14	6	4
ENSG00000070731	1	0.5	0.6	2	0	0.6	0	0.6	4	9	0.7	0.7	1	0	4	0	0	0.5	1	1	0.9	1	0	0	0.5	1	0.6	6	0.8
ENSG00000070748	0	0	0	0	0	0	0	0	0	0	0	0	0	0	0	0	0	0	3	0	0	0	0	0	0	0	0	0	0
ENSG00000070756	172	112	297	381	307	262	218	199	462	248	179	39	89	65	141	392	355	62	143	187	269	524	204	170	273	238	300	141	514
ENSG00000070759	2	2	3	4	6	5	8	3	4	3	3	1	2	2	3	3	9	0.8	3	14	7	5	9	3	4	3	11	2	5
ENSG00000070761	8	13	9	9	17	7	8	12	7	18	10	13	8	7	12	13	15	2	17	9	8	5	8	8	11	8	19	13	11
ENSG00000070770	11	8	11	11	13	10	8	11	9	11	11	4	9	6	10	12	13	4	12	8	10	6	7	11	11	8	43	10	14
ENSG00000070778	7	4	3	5	0	7	4	9	6	7	7	11	6	2	16	1	14	2	8	7	7	3	6	8	3	5	13	16	1
ENSG00000070785	10	11	6	6	4	5	4	7	6	6	5	8	6	5	6	7	7	2	4	7	6	7	4	8	6	5	10	5	8
ENSG00000070808	0	0.6	0	0.6	0	0	0	2	0	1	0	3	0.6	0	0.7	0	0	0	0	0	0	0	0	3	0	0	0	0	0
ENSG00000070814	3	3	7	3	5	3	3	4	3	5	3	2	2	0.8	4	8	5	1	5	4	4	3	3	4	6	3	6	3	8
ENSG00000070831	0.8	2	2	1	18	0.7	0.7	1	0.8	0.7	1	0.6	0.7	0	0.9	1	0.7	0	0.8	1	1	0.5	0.8	1	1	0.8	0.7	0.7	0.8
ENSG00000070882	1	1	7	11	2	4	7	2	5	5	6	1	6	0	5	11	4	0.5	3	0.9	5	1	5	2	7	6	4	11	8
ENSG00000070886	0	1	0	0	0	0	0	0	0	0	0	0	0	0	0	0	0	0.5	0	0	0	0	0	0	1	0	1	0	0
ENSG00000070915	0	0	0	0	0	0	0	0	0	0	0	0	86	0	0	0.7	0	0	0	0	0	0	0	0	0	0	0	0	0.5
ENSG00000070950	2	2	3	2	3	3	5	2	2	2	2	0.5	1	0.8	2	4	2	0	2	3	3	1	3	2	3	1	3	2	4
ENSG00000070961	5	6	15	13	27	16	20	10	6	11	13	3	8	6	9	14	6	2	12	7	15	3	15	9	13	13	14	7	14
ENSG00000071051	10	8	11	10	5	14	29	11	16	11	13	7	10	2	12	14	10	7	25	11	8	20	26	9	28	13	21	10	10
ENSG00000071054	16	4	21	14	17	7	4	13	14	9	17	11	5	8	13	27	12	2	21	7	9	4	6	12	12	12	24	8	27
ENSG00000071073	4	6	14	8	7	22	19	4	3	4	8	2	16	3	7	12	2	6	9	5	15	8	29	5	4	7	3	5	9
ENSG00000071082	76	73	78	53	117	94	59	78	42	98	41	30	68	50	51	88	177	34	67	74	69	70	59	51	97	76	33	56	107
ENSG00000071127	22	21	58	51	44	49	43	55	42	36	41	25	28	11	41	56	29	6	34	38	48	23	46	75	37	32	36	39	54
ENSG00000071189	4	6	5	5	2	7	5	7	4	6	6	4	6	2	5	4	6	1	6	6	7	4	4	5	4	5	7	8	4
ENSG00000071205	5	3	2	6	0.9	2	1	4	9	5	4	5	2	1	2	2	7	0.5	3	6	2	0.6	1	3	2	2	3	2	2
ENSG00000071242	9	6	5	16	4	5	4	14	11	12	14	23	8	1	26	5	16	4	11	9	5	6	4	11	18	7	4	23	4
ENSG00000071243	3	4	5	5	21	4	4	5	3	5	5	2	3	1	4	7	5	1	5	4	5	3	3	4	7	4	4	5	6
ENSG00000071246	5	6	6	5	0.9	2	3	4	2	4	5	8	2	0.7	10	4	4	0	10	2	3	2	4	6	10	3	6	3	3
ENSG00000071282	14	2	8	7	0	2	1	6	4	6	8	3	2	0.9	11	2	10	2	8	3	1	4	1	11	9	2	2	1	1
ENSG00000071462	5	7	8	6	11	7	7	8	5	10	7	6	5	3	7	8	7	3	6	8	7	5	6	6	9	6	22	9	8
ENSG00000071537	20	15	26	28	7	29	27	24	12	17	21	10	20	27	22	18	14	93	28	29	27	9	24	24	23	27	12	51	24
ENSG00000071539	0.5	0	3	2	3	3	2	1	2	4	0.7	0	0	0	0.7	4	1	0	2	0.5	3	0	2	3	0.8	1	20	0	6
ENSG00000071553	19	30	25	25	28	21	21	20	19	27	21	18	29	8	32	20	20	11	32	42	23	20	19	18	38	25	20	33	19
ENSG00000071564	4	3	15	9	21	7	9	10	4	7	6	2	4	1	7	23	10	2	7	6	4	5	11	4	18	8	25	5	17
ENSG00000071626	8	8	13	6	13	8	10	8	6	6	5	4	5	3	9	15	7	3	10	8	8	6	11	6	14	8	19	6	11
ENSG00000071655	3	3	4	2	4	2	3	4	2	3	3	3	3	1	3	4	4	2	7	4	1	4	3	2	5	3	6	2	2
ENSG00000071794	9	20	8	10	7	6	4	13	5	11	9	9	11	7	6	11	15	3	5	14	6	6	6	10	8	9	44	17	9
ENSG00000071859	20	23	21	17	17	15	19	15	8	14	14	13	15	7	20	16	11	6	25	20	15	15	17	17	22	18	8	15	16
ENSG00000071889	5	5	4	4	4	6	9	5	4	7	3	4	6	3	5	4	9	4	6	7	3	6	9	3	7	6	3	5	2
ENSG00000071909	0	0	0	4	0	0	0	0	0	0.6	0	0	4	0	0	0	0	0	0	0	0	0	0	0	0	0	1	1	0
ENSG00000071967	100	87	23	73	9	43	154	89	55	54	149	39	19	10	125	30	145	5	27	55	32	21	199	65	22	38	22	187	22
ENSG00000071991	0.8	5	3	0.6	0	3	2	0	3	0	3	8	0	1	0.9	0	0.8	0	2	0.5	2	2	1	0.7	2	0.8	0.6	0	0
ENSG00000071994	7	7	10	7	6	8	8	8	6	8	7	3	7	3	7	13	7	3	6	8	9	6	7	7	9	7	5	9	12
ENSG00000072041	0	0.7	0	0	0	0	0	0	1	0	0	0	0	0	0	0	0	0	2	0	0	0	0	0	0	0	0	0	0
ENSG00000072042	8	21	12	12	3	11	11	14	10	10	16	4	31	21	12	9	10	4	7	254	12	7	7	16	9	13	12	21	10
ENSG00000072080	0	0	0	0	0	0	0	0	0	0	0	0	0	133	0	0	0	0	0	0	0	0	0	0	0	0	0	0	0
ENSG00000072110	22	11	39	51	35	15	14	59	35	32	42	20	5	8	19	14	7	4	31	50	18	23	16	86	20	13	8	6	12
ENSG00000072121	2	3	4	4	3	3	2	4	3	3	4	2	3	0.6	3	5	4	0.7	4	3	3	2	3	4	4	3	2	4	4
ENSG00000072133	0	2	0.6	0.8	0	3	1	2	0.7	3	1	0	4	0	0.7	0	2	0	0	3	2	1	1	1	0	2	2	9	0
ENSG00000072134	3	4	3	5	1	2	2	8	9	8	4	5	2	0.6	6	1	5	1	6	7	2	3	3	6	5	3	6	4	2
ENSG00000072135	10	7	25	14	17	16	15	10	6	16	15	4	8	4	15	40	7	3	11	16	24	12	16	12	31	17	4	11	50
ENSG00000072163	12	2	5	10	0	3	3	16	7	8	5	13	3	2	11	3	1	0.5	5	12	2	2	4	14	14	2	2	3	1
ENSG00000072182	0	0.8	0	0	0	0	0	0	0	0	0	0	0	0	0	0	0	0	0	0	0	0	0	0	0	0	0	0	0
ENSG00000072195	2	2	2	3	0	1	1	7	4	3	3	6	0	0	1	0	1	0	2	7	1	2	2	8	0	0	0.9	0	0
ENSG00000072201	3	1	0.9	3	0	3	4	2	10	4	2	2	4	1	1	0.9	1	2	7	3	3	9	4	1	0.5	4	3	7	2
ENSG00000072210	26	109	10	14	4	22	29	22	50	21	32	11	68	53	31	9	18	8	6	40	22	16	31	15	11	32	15	37	20
ENSG00000072274	6	21	60	23	118	36	23	19	14	12	23	8	13	4	41	15	15	3	52	7	36	3	21	23	9	15	13	14	18
ENSG00000072310	10	40	8	5	9	6	19	6	7	8	8	3	4	5	11	7	8	2	7	19	5	41	13	4	6	9	15	4	3
ENSG00000072315	0	0	0	0	0	0	0	0	0	0	0	0	0	0	0	0	0	0	0	0	0	0	0	0	0	0	0	0	0
ENSG00000072364	12	26	15	17	22	18	12	24	23	15	22	8	19	14	14	14	24	6	13	20	15	10	12	19	14	20	18	26	13
ENSG00000072401	7	12	21	14	24	10	6	11	10	6	10	15	5	4	7	11	7	2	7	8	10	3	7	11	10	5	4	6	11
ENSG00000072415	4	6	4	7	2	10	12	5	8	6	6	3	19	6	8	3	4	2	5	10	8	7	12	5	4	6	6	15	4
ENSG00000072422	5	12	4	11	0.7	4	6	18	2	12	13	8	25	3	11	3	11	1	32	7	5	1	5	12	15	16	17	3	1
ENSG00000072501	9	9	22	9	14	14	11	14	10	14	8	7	12	8	11	21	13	3	11	9	14	6	11	16	15	9	6	13	19
ENSG00000072506	39	55	38	27	33	42	34	26	47	36	22	31	53	65	26	39	37	12	26	27	40	21	28	40	27	27	17	39	56
ENSG00000072518	5	5	12	9	8	11	13	7	18	10	8	5	5	2	9	12	6	3	8	10	9	9	13	7	14	12	7	10	11
ENSG00000072571	0.5	0	7	3	11	4	5	0	2	0.5	0.8	0	0	0.9	0	12	0	0	5	0	5	0	4	1	1	2	18	0	14
ENSG00000072609	2	1	3	2	4	2	2	1	2	1	2	0.7	0.8	0	2	4	0.6	0.5	2	1	2	1	2	1	4	2	4	1	2
ENSG00000072657	2	0.7	0	1	0	0.7	2	1	0	0.7	1	0	4	0	1	0	3	3	0	0.9	0.5	0	2	0	2	0	0.6	0	0
ENSG00000072682	3	3	4	7	0.5	7	5	7	4	7	6	5	11	1	8	0.6	0.8	5	7	3	8	5	6	11	2	5	3	5	2
ENSG00000072694	2	2	4	3	0	2	0.5	0	1	0.6	2	0.5	0	2	2	4	0.7	0	33	0	2	0.6	0.8	2	6	1	0.5	0	7
ENSG00000072736	3	2	6	5	6	3	3	5	3	6	4	2	3	3	6	8	5	0.6	4	3	4	2	4	5	7	2	11	5	9
ENSG00000072756	3	4	6	5	2	4	3	5	4	3	4	2	4	2	3	7	3	0.8	4	8	5	2	3	4	5	5	4	5	6
ENSG00000072778	98	238	61	67	57	83	208	72	81	61	83	99	83	83	66	47	54	47	90	96	103	72	188	80	83	137	50	68	49
ENSG00000072786	8	3	21	8	27	4	4	2	3	3	7	2	2	2	10	24	1	0.9	11	2	5	2	6	3	27	5	12	2	15
ENSG00000072803	11	16	12	15	5	11	9	19	17	22	16	17	16	7	14	13	18	7	9	13	11	7	10	17	14	14	14	15	16
ENSG00000072832	2	5	2	2	0	2	0.8	9	2	7	4	1	5	0	3	1	8	1	3	4	2	1	2	11	1	2	3	3	1